30345016,Chhisti
30345057,Taman
30345046,Ranasinkiteni
30345045,Rajkut
30345044,Pandavkhani
30345043,Palakot
30345059,Tara
30345040,Nisi
30345058,Tangram
30345033,Khunga
30345028,Heel
30345009,Bhimgithe
30345008,Bhimpokhara
30345005,Arjewa
30345056,Sunkhani
30345019,Darling
30345020,Devisthan
30345004,Argal
30345036,Malika
30345003,Amarbhumi
30345001,Adhikarichaur
30345035,Lekhani
30345006,Batakachaur
30345017,Dagatundada
30345018,Damek
30345007,Bhakunde
30345010,Bihunkot
30345011,Binamare
30345038,Narayansthan
30345000,Kalika
30345022,Dhudhilabhati
30345025,Gwalichaur
30345029,Hugdisheer
30345032,Kandebas
30345037,Malma
30345024,Dhullubaskot
30345039,Narethanti
30345042,Paiyunthanthap
30345047,Rangkhani
30345048,Rayadanda
30345050,Righa
30345002,Amalachaur
30345030,Jaljala
30345054,Sisakhani
30345052,Sarkuwa
30345053,Singana
30345051,Salyan
30345027,Hatiya
30345012,Boharagaun
30345013,Bongadovan
30345014,Bowang
30345015,Burtiwang
30345021,Dhamja
30345023,Dhullugaidi
30345026,Harichaur
30345034,Kusmishera
30345041,Paiyunpata
30345060,Tityang
30345055,Sukhaura
30345049,Resh
30342015,Surkhang
30342014,Muktinath
30342005,Dhami
30342004,Chhusang
30342002,Chhonhup
30342001,Charang
30342008,Kagbeni
30342007,Jomsom
30342012,Lomanthang
30342016,Tukuche
30342013,Marpha
30342006,Jhong
30342011,Lete
30342010,Kunjo
30342009,Kowang
30342003,Chhoser
30343019,Kuhun
30343037,Shikha
30343040,Tatopani (Bhurung)
30343034,Ramche
30343039,Takam
30343038,Singa
30343035,Ratnechaur
30343032,Rakhubhagawati
30343028,Okharbot
30343016,Histhanmandali
30343015,Gurjakhani
30343029,Pakhapani
30343031,Pulachaur
30343014,Dowa
30343000,Dhar
30343027,Niskot
30343011,Darwang
30343025,Muna
30343021,Lulang
30343033,Rakhupiple
30343010,Dana
30343017,Jhin
30343007,Bima
30343005,Baranja
30343002,Arthunge
30343003,Babiyachaur
30343012,Devisthan
30343030,Patlekhet
30343026,Narchyang
30343024,Mudi
30343023,Marang
30343022,Malkwang
30343020,Kuinemangale
30343013,Dhatan
30343009,Dagnam
30343008,Chimkhola
30343006,Bhakilmi
30343004,Bagarkhola
30343001,Arman
30343036,Room
30343018,Jyamrukot
30344050,Thanamaulo
30344013,Bihadibarachaur
30344014,Bihadiranipani
30344010,Bhoksing
30344009,Bhangara
30344015,Bitalawapipaltari
30344008,Behulibans
30344054,Tribeni
30344039,Pakhapani
30344046,Saraukhola
30344053,Tilahar
30344052,Thuli Pokhari
30344045,Salija
30344055,Uram Pokhara
30344005,Balakot
30344003,Bahakithanti
30344038,Nagliwang
30344002,Bachchha
30344033,Lekhfant
30344032,Kyang
30344030,Khurkot
30344051,Thapathana
30344020,Dhairing
30344042,Pangrang
30344040,Pakuwa
30344035,Lunkhu Deurali
30344034,Limithana
30344026,Huwas
30344022,Falamkhani
30344011,Bhorle
30344001,Arthardadakharka
30344019,Deurali
30344049,Taklak
30344039,Pang
30344012,Bhuktangle
30344048,Shivalaya
30344007,Baskharka
30344006,Banou
30344047,Shankar Pokhari
30344004,Bajung
30344036,Majhphantmallaj
30344044,Saligram
30344043,Ramjadeurali
30344018,Deupurkot
30344037,Mudikuwa
30344016,Chitre
30344031,Kurgha
30344017,Chuwa
30344029,Khaulalakuri
30344023,Falebas Devisthan
30344024,Fulebaskhani Gaun
30344025,Hosrangdi
30344027,Karkineta
30344028,Katuwachaupari
30344021,Durlung
20126007,Dadhikot
20126018,Tathali
20126009,Gundu
20126011,Kautunje
20126003,Bhaktapur Municipality
20126014,Nankhel
20126002,Balkot
20126017,Sudal
20126013,Nagarkot
20126012,Madhyapur Thimi Municipality
20126010,Jhaukhel
20126008,Duwakot
20126005,Chhaling
20126004,Changunarayan
20126001,Bageswari
20126015,Sipadol
20126016,Sirutar
20126006,Chitapol
20130019,Jyamrung
20130028,Mahadevsthan
20130029,Maidi
20130026,Kumpur
20130025,Kiranchok
20130024,Khari
20130001,Aginchok
20130003,Baseri
20130006,Budhathum
20130009,Darkha
20130015,Gumdi
20130017,Jharlang
20130030,Marpak
20130031,Mulpani
20130036,Phulkhark
20130023,Khalte
20130022,Kewalpur
20130038,Reegaun
20130020,Kalleri
20130021,Katunje
20130027,Lapa
20130018,Jogimara
20130045,Sertung
20130016,Jeewanpur
20130049,Tipling
20130014,Goganpani
20130013,Gajuri
20130040,Salyankot
20130002,Baireni
20130033,Nalang
20130004,Benighat
20130005,Bhumesthan
20130032,Murali Bhanjyang
20130007,Chainpur
20130008,Chhatre Dyaurali
20130010,Dhola
20130020,Kalleri
20130048,Thakre
20130047,Tasarpu
20130046,Sunaula Bazar
20130044,Semjong
20130042,Sangkosh
20130039,Salang
20130037,Pida
20130011,Dhussa
20130035,Nilkantha
20130034,Naubise
20130041,Salyantar
20130043,Satyadevi
20130050,Tripureswor
20127040,Mulpani
20127036,Mahadevathan
20127038,Manmaiju
20127031,Kathmandu Metropolitan City
20127006,Bhadrabas
20127005,Baluwa
20127001,Aalapot
20127042,Naikap Naya Bhanjyang
20127007,Bhimdhunga
20127008,Budanilkantha
20127043,Naikap Purano Bhanjyang
20127015,Daxinkali
20127037,Mahankal
20127030,Kapan
20127029,Kabhresthali
20127027,Jitpurphedi
20127011,Chhaimale
20127025,Indrayani
20127009,Chalnakhel
20127024,Ichangnarayan
20127044,Nayapati
20127023,Gothatar
20127020,Gokarneswor
20127019,Gagalphedi
20127018,Futung
20127017,Dharmasthali
20127016,Dhapasi
20127014,Daanchhi
20127013,Chunikhel
20127010,Chapali Bhadrakali
20127004,Balambu
20127032,Khadkabhadrakali
20127003,Bajrayogini (Sankhu)
20127012,Chouketardahachok
20127021,Goldhunga
20127022,Gonggabu
20127048,Satikhel
20127002,Baadbhanjyang
20127033,Kirtipur Municipality
20127028,Jorpati
20127034,Lapsephedi
20127041,Naglebhare
20127045,Pukhulachhi
20127050,Seuchatar
20127052,Sitapaila
20127053,Sundarijal
20127058,Tokha Chandeswori
20127059,Tokhasarswoti
20127057,Tinthana
20127046,Ramkot
20127056,Thankot
20127047,Sangla
20127054,Suntol
20127035,Machhegaun
20127055,Talkududechour
20127051,Sheshnarayan
20127039,Matatirtha
20127049,Satungal
20127026,Jhormahankal
20124012,Budhakhani
20124005,Banakhuchor
20124031,Ghartichhap
20124075,Salmechakala (Taldhunga)
20124013,Chalal Ganeshsthan
20124009,Bhumlutar
20124008,Bhimkhori
20124015,Choubas
20124016,Chyamrang Besi
20124019,Dapcha Chatraibhanjha
20124020,Daraune Pokhari
20124021,Deuvumi Baluwa
20124023,Dhulikhel Municipality
20124024,Dhunkharka
20124026,Dolalghat
20124027,Falate Bhumlu
20124028,Falemetar
20124029,Foksingtar
20124032,Gokule
20124033,Gothpani
20124034,Hokse Bazar
20124037,Kalatibhumi Danda
20124038,Kanpur Kalapani
20124039,Kartike Deurali
20124040,Katunje Besi
20124090,Ugratara Janagal
20124088,Thuloparsel
20124007,Bekhsimledhartigaun
20124087,Sisakhani
20124086,Sipalichilaune
20124025,Dhuseni Siwalaya
20124089,Tukuchanala
20124085,Simthali
20124064,Nayagaundeupur
20124082,Sathighar Bhagawati
20124052,Mahadevsthan Mandan
20124036,Jyamdi Mandan
20124006,Banepa Municipality
20124030,Gairi Bisounadeupur
20124003,Balting
20124041,Kavre Nityachandeswor
20124002,Baldthali
20124042,Khaharepangu
20124043,Khanalthok
20124044,Kharelthok
20124045,Kharpachok
20124046,Kolati Bhumlu
20124047,Koshidekha
20124048,Kuruwaschapakhori
20124049,Kushadevi
20124050,Machchhe Gaun
20124051,Madankundari
20124053,Mahadevtar
20124054,Mahankal Chaur
20124001,Anaikot
20124017,Chyasing Kharka
20124055,Mahendra Jyoti
20124004,Baluwapati Deupur
20124056,Majhifeda
20124057,Mangaltar
20124058,Mathurapati Fulbari
20124059,Methinkot
20124060,Milche
20124061,Nagregagarche
20124062,Nala (Ugrachandi)
20124014,Chandeni Mandan
20124063,Nasikasthansanga
20124035,Jaisithok Mandan
20124022,Devitar
20124065,Panauti Municipality
20124066,Panchkhal
20124067,Patalekhet
20124068,Pokharichauri
20124069,Pokhari Narayansthan
20124070,Purano Gaundapcha
20124084,Simal Choursyampati
20124071,Raviopi
20124072,Ryalebhir
20124073,Saldhara
20124074,Sallebhumlu
20124083,Sikharambote
20124075,Salmechakala (Taldhunga)
20124076,Sankhupatichour
20124077,Sanowangthali
20124078,Saping
20124079,Sarada Batase
20124080,Saramthali
20124026,Dolalghat
20124081,Sarasyun Khark
20124010,Birtadeurali
20125015,Dhusel
20125014,Dhapakhel
20125013,Devichour
20125012,Dalchoki
20125011,Choughare
20125010,Chhampi
20125009,Chapagaun
20125008,Chandanpur
20125007,Bungamati
20125006,Bukhel
20125005,Bisankhunarayan
20125016,Dukuchhap
20125003,Bhardev
20125017,Gimdi
20125001,Ashrang
20125018,Godamchaur
20125020,Gotikhel
20125021,Harisiddhi
20125022,Ikudol
20125023,Imadol
20125024,Jharuwarasi
20125025,Kaleswor
20125026,Khokana
20125028,Lamatar
20125029,Lele
20125030,Lubhu
20125031,Malta
20125032,Manikhel
20125033,Nallu
20125034,Pyutar
20125035,Sainbu
20125036,Sankhu
20125037,Siddhdipur
20125038,Sunakothi
20125042,Tikathali
20125040,Thecho
20125039,Thaiba
20125027,Lalitpur Sub Metropolitan City
20125019,Godawari
20125041,Thuladurlung
20125004,Bhattedanda
20125002,Badikhel
20128041,Narjamandap
20128042,Okharpauwa
20128045,Ratmate
20128038,Madanpur
20128035,Kumari
20128032,Kharanitar
20128027,Kakani
20128025,Jiling
20128024,Gorsyang
20128022,Gerkhu
20128014,Chauthe
20128009,Budhasing
20128002,Balkumari
20128001,Bageswori Chokade
20128052,Sikre
20128053,Sundaradevi
20128051,Shikharbesi
20128023,Ghyangphedi
20128007,Bhalche
20128003,Barsunchet
20128055,Suryamati
20128056,Talakhu
20128057,Taruka
20128058,Thanapati
20128059,Thansing
20128016,Dangsing
20128037,Likhu
20128026,Kabilas
20128029,Kalyanpur
20128017,Deurali
20128054,Sunkhani
20128060,Thaprek
20128043,Panchkanya
20128062,Urleni
20128047,Salme
20128034,Kintang
20128019,Fikuri
20128004,Belkot
20128006,Bhadratar
20128008,Bidur Municipality
20128011,Charghare
20128012,Chaturale
20128013,Chaughada
20128015,Chhap
20128018,Duipipal
20128020,Ganeshthan
20128028,Kalikahalde
20128031,Khadag Bhanjyang
20128033,Kholegaun Khanigaun
20128036,Lachyang
20128044,Ralukadevi
20128021,Gaunkharka
20128046,Rautbesi
20128048,Samari
20128049,Samundradevi
20128050,Samundratar
20128010,Bungtang
20128040,Manakamana
20128061,Tupche
20128005,Betini
20128039,Mahakali
20128030,Kaule
20129005,Dhunche
20129016,Thuman
20129006,Gatlang
20129003,Chilime
20129011,Langtang
20129017,Timure
20129012,Ramche
20129018,Yarsa
20129008,Haku
20129013,Saramthali
20129001,Bhorle
20129010,Laharepouwa
20129015,Thulogoun
20129009,Jibjibe (Nilkantha)
20129014,Syafru
20129007,Goljung
20129004,Dandagoun
20129002,Bridhim
20123020,Fulpingkot
20123043,Listikot
20123075,Thulodhading
20123007,Baruwa
20123042,Lisankhu
20123024,Gloche
20123025,Gumba
20123034,Jyamire
20123036,Kalika
20123055,Pipaldanda
20123004,Banskharka
20123044,Mahankal
20123078,Thumpakhar
20123074,Thokarpa
20123072,Thampalchhap
20123071,Thakani
20123066,Syaulebazar
20123064,Sipalkavre
20123029,Helumbu
20123062,Sindhukot
20123061,Sikharpur
20123058,Sangachok
20123054,Petaku
20123053,Pangtang
20123052,Palchok
20123046,Mankha
20123041,Langarche
20123038,Kiwool
20123035,Kadambas
20123033,Jethal
20123027,Hagam
20123023,Ghuskun
20123022,Ghorthali
20123019,Fulpingkatti
20123014,Choutara
20123011,Bhotenamlang
20123012,Bhotechaur
20123009,Bhimtar
20123005,Baramchi
20123003,Bansbari
20123002,Badegau
20123001,Atarpur
20123057,Ramche
20123008,Batase
20123006,Barhabise
20123010,Bhotasipa
20123013,Choukati
20123015,Dhumthang
20123016,Dubachour
20123017,Fatakshila
20123018,Fulpingdandagau
20123065,Sunkhani
20123068,Tatopani
20123049,Motang
20123079,Yamunadanda
20123077,Thulosirubari
20123076,Thulopakhar
20123073,Thanpalkot
20123070,Tekanpur
20123069,Tauthali
20123067,Talramarang
20123063,Sipapokhare
20123060,Selang
20123059,Sanusiruwari
20123056,Piskar
20123051,Pagretar
20123050,Nawalpur
20123048,Melamchi
20123047,Marming
20123045,Maneswor
20123040,Kunchok
20123039,Kubhinde
20123037,Karthali
20123032,Jalbire
20123031,Irkhu
20123030,Ichok
20123028,Haibung
20123026,Gunsakot
20123021,Gati
20517040,Gopalpur
20517078,Paterwa
20517085,Sapahi
20517076,Pachaharwa
20517087,Shantipur
20517074,Nanupatti
20517072,Nagaraeen
20517068,Marchai Jhitakaiya
20517065,Mahuwa (Pra.Ko)
20517052,Kajararamaul
20517049,Jhatiyahi
20517052,Kajararamaul
20517043,Hariharpur
20517040,Gopalpur
20517039,Godar
20517033,Digambarpur
20517032,Dhanusadham
20517030,Dhalkebar
20517025,D.Govindapur
20517020,Bhutahipaterwa
20517019,Bhuchakrapur
20517018,Bharatpur
20517017,Begadawar
20517015,Bateswor
20517012,Baramajhiya
20517011,Baniniya
20517064,Mahuwa (Pra.Khe)
20517081,Raghunathpur
20517058,Lagmagadha Guthi
20517054,Khajuri Chanha
20517086,Satosar
20517101,Yadukush
20517097,Tulsichauda
20517061,Laxminiwas
20517066,Makhanaha
20517069,Mithileswor Mauwahi
20517073,Nakatajhijh
20517080,Puspalpur
20517082,Ramaidaiyabhawadi
20517084,Sakhuwa Mahendranagar
20517090,Sinurjoda
20517094,Tarapatti Sirsiya
20517102,Yagyabhumi
20517099,Tulsiyanijabdi
20517091,Sonigama
20517079,Paudeswor
20517075,Nauwakhor Prashahi
20517071,Mukhiyapatti Mushargiya
20517070,Mithileswor Nikas
20517057,Labatoli
20517062,Laxmipur Bagewa
20517070,Mithileswor Nikas
20517083,Sabela
20517100,Umaprempur
20517055,Khariyani
20517001,Andupatti
20517003,Bafai
20517004,Bagchaura
20517005,Bahedabala
20517006,Bahuarba
20517007,Balabakhar
20517008,Balahakathal
20517009,Balahasadhara
20517010,Ballagoth
20517013,Basahiya
20517014,Basbitti
20517016,Begashivapur
20517021,Bindhi
20517022,Bisarbhora
20517023,Chakkar
20517024,Chorakoilpur
20517026,Debadiha
20517027,Deuriparbaha
20517028,Devpurarupetha
20517029,Dhabouli
20517031,Dhanauji
20517034,Dubarikothathalekha
20517035,Duhabi
20517036,Ekarahi
20517037,Fulgama
20517038,Ghodghans
20517041,Gothkohelpur
20517042,Hansapur Kathpula
20517044,Harine
20517045,Hathipur Harbara
20517046,Inarwa
20517047,Itaharwa
20517048,Janakpur Municipality
20517050,Jhojhikataiya
20517096,Thillayaduwa
20517051,Kachurithera
20517053,Kanakpatti
20517067,Manshing Patti
20517002,Aurahi
20517063,Lohana
20517060,Lakkad
20517095,Thadijhijha
20517088,Siddha
20517059,Lakhouri
20517004,Bagchaura
20517093,Suganikash
20517056,Kurtha
20517092,Sugamadhukarahi
20517089,Singyahi Maidan
20517077,Patanuka
20517098,Tulsiyahi Nikas
20522038,Malu
20522040,Melung
20522052,Thulopatal
20522028,Katakuti
20522016,Fasku
20522013,Chyama
20522045,Sahare
20522014,Dandakharka
20522005,Bhirkot
20522026,Kabhre
20522003,Bhedapu
20522047,Sunkhani
20522034,Lamidada
20522001,Alampu
20522032,Lakuridada
20522010,Chankhu
20522012,Chilankha
20522023,Jhyaku
20522037,Mali
20522006,Bhusafeda
20522017,Gairimudi
20522019,Ghangsukathokar
20522020,Hawa
20522021,Japhe
20522022,Jhule
20522024,Jiri
20522025,Jugu
20522036,Magapauwa
20522041,Mirge
20522042,Namdu
20522044,Pawati
20522027,Kalingchok
20522033,Lamabagar
20522030,Khopachagu
20522046,Sailungeswor
20522015,Dudhpokhari
20522004,Bhimeswor Municipality
20522035,Lapilang
20522007,Bigu
20522039,Marbu
20522043,Orang
20522008,Bocha
20522050,Susmachhemawati
20522009,Bulung
20522018,Gaurisankar
20522011,Chhetrapa
20522029,Khare
20522051,Syama
20522049,Suri
20522048,Sundrawati
20522031,Laduk
20522002,Babare
20518043,Mahadaiyatapanpur
20518003,Bagada
20518005,Bairgiya Laxminiya
20518009,Bardibas
20518010,Basabitti
20518042,Loharpatti
20518037,Khopi
20518035,Khairbanni
20518075,Sugavawani
20518032,Hathilet
20518031,Hariharpur Harinamari
20518053,Parsadewadh
20518004,Bairgiya Banchauri
20518028,Gaushala
20518051,Nigaul
20518055,Pasupatinagar
20518060,Ramgopalpur
20518070,Singyahi
20518006,Balawa
20518012,Belgachhi
20518015,Bijayalpura
20518018,Dhamaura
20518025,Fulakaha
20518007,Banauli Donauli
20518026,Gaidahabhelpur
20518008,Banouta
20518016,Bramarpura
20518017,Damhimarayee
20518024,Fulahattaparikauli
20518029,Gonarpura
20518034,Jaleshwor Municipality
20518046,Majhorabishnupur
20518048,Matihani
20518052,Paraul
20518074,Sonaul
20518036,Khayarmara
20518071,Sisawakataiya
20518054,Parsapateli
20518056,Pigouna
20518033,Hatisarwa
20518039,Kisannagar
20518049,Meghanath Gorahanna
20518002,Aurahi
20518045,Maisthan
20518013,Bharatpur
20518011,Bathanaha
20518058,Pokhari Bhindasamgrampur
20518063,Sahasaula
20518057,Pipra
20518001,Anakar
20518014,Bhatauliya
20518020,Dhirapur
20518021,Ekadarabela
20518022,Ekarahiya
20518023,Etaharwakatti
20518030,Halkhori
20518038,Khuttapiparadhi
20518040,Kolhuwabagaicha
20518044,Mahottari
20518047,Manara
20518050,Nainhi
20518062,Ratauli
20518064,Sahorawa
20518065,Sandha
20518066,Sarpallo
20518069,Simardahi
20518067,Shamsi
20518068,Sreepur
20518072,Sonama
20518077,Vagaha
20518059,Raghunathpur
20518027,Gauribas
20518076,Sundarpur
20518019,Dharmapur
20518073,Sonamai
20518061,Ramnagar
20518041,Laximiniya
20521034,Maluwajor
20521026,Kathjor
20521020,Gothgau
20521038,Okhreni
20521045,Ramechhap
20521024,Hiledevi
20521049,Salupati
20521050,Sanghutar
20521052,Sunarpani
20521008,Bijulikot
20521031,Lakhanpur
20521013,Deurali
20521055,Tokarpur
20521053,Those
20521047,Rasanalu
20521044,Rakathum
20521028,Khaniyapani
20521037,Namadi
20521036,Nagadaha
20521030,Kubukasthali
20521033,Makadum
20521029,Khimti
20521027,Khadadevi
20521018,Gelu
20521016,Duragau
20521007,Bhujee
20521001,Bamtibhandar
20521032,Majuwa
20521004,Bhadaure
20521039,Pakarbas
20521040,Phulasi
20521041,Pinkhuri
20521009,Chanakhu
20521042,Pritee
20521043,Puranagau
20521048,Saipu
20521054,Tilpung
20521035,Manthali
20521023,Guptesor
20521010,Chisapani
20521002,Betali
20521003,Bethan
20521005,Bhatauli
20521012,Dadhuwa
20521006,Bhirpani
20521014,Dimipokhari
20521015,Doramba
20521017,Farpu
20521025,Himganga
20521051,Sukajor
20521011,Chuchure
20521021,Gumdel
20521022,Gunsibhadaure
20521019,Goswara
20521046,Rampur
20519090,Sasapur
20519089,Shankarpur
20519081,Rajghat
20519077,Pattharkot
20519073,Netraganj
20519100,Tribhuwannagar
20519099,Sundarpur Chuldawa
20519098,Sundarpur
20519097,Sudama
20519096,Sohadawa
20519095,Sisout
20519094,Sisotiya
20519093,Simara
20519092,Sikhauna
20519091,Shreepur
20519088,Sangrampur
20519087,Salempur
20519086,Sakraul
20519015,Belwajabdi
20519085,Rohuwa
20519084,Raniganj
20519083,Ramnagarbahaur
20519082,Ramban
20519080,Pipariya
20519079,Pidariya
20519078,Pidari
20519075,Parsa
20519074,Noukailawa
20519072,Narayanpur
20519070,Musauli
20519069,Murtiya
20519068,Motipur
20519067,Mohanpur
20519066,Mirjapur
20519065,Manpur
20519064,Malangawa Municipality
20519062,Mahinathpur
20519061,Madhubani
20519060,Madhubangoth
20519059,Laxmipursu
20519058,Laxmipur Kodraha
20519057,Laukath
20519055,Kodena
20519054,Kisanpur
20519008,Balara
20519053,Khutauna
20519052,Khoriya
20519071,Narayankhola
20519051,Khirwa
20519048,Kabilasi
20519047,Jingadawa
20519045,Jamuniya
20519002,Arnaha
20519044,Jabdi
20519043,Ishworpur
20519042,Hempur
20519041,Hathiyol
20519039,Haripurwa
20519038,Haripur
20519037,Harakthawa
20519036,Hajariya
20519035,Gourishankar
20519034,Godeta
20519033,Gamhariya
20519032,Gadahiyabairi
20519031,Fulparasi
20519030,Farahadawa
20519029,Dumariya
20519026,Dhangada
20519025,Dhanakaulpurba
20519024,Dhanakaulpachhiyati
20519023,Chhatona
20519022,Chhataul
20519021,Chandranagar
20519020,Brahmapuri
20519019,Bhawanipur
20519018,Bhaktipur
20519016,Bhadsar
20519017,Bhagawatipur
20519014,Belhi
20519014,Belhi
20519013,Bela
20519012,Batraul
20519011,Basantapur
20519009,Baraudhoran
20519010,Barahathawa
20519007,Bahadurpur
20519006,Bagdaha
20519005,Babarganj
20519004,Aurahi
20519001,Achalgadh
20519056,Lalbandi
20519050,Karmaiya
20519049,Kalinjor
20519076,Parwanipur
20519046,Janakinagar
20519040,Hariyon
20519028,Dhurkauli
20519027,Dhungrekhola
20519003,Atrouli
20520038,Nipane
20520047,Sitalpati
20520034,Mahadevsthan
20520046,Sirthouli
20520049,Sunampokhari
20520052,Tinkanya
20520053,Tosramkhola
20520045,Santeswori (Rampur)
20520048,Solpathana
20520050,Tamajor
20520054,Tribhuvanambote
20520051,Tandi
20520029,Kuseswordumja
20520015,Dudhouli
20520017,Harsahi
20520011,Bhuwaneshorigwaltar
20520031,Ladabhir (Mahendra)
20520001,Amale
20520002,Arunthakur
20520003,Bahuntilpung
20520004,Balajor
20520005,Baseshwor
20520006,Bastipur
20520007,Belghari
20520008,Bhadrakali
20520009,Bhimeshwor
20520010,Bhimsthan
20520012,Bitijorbagaiya
20520013,Dadiguranshe
20520014,Dudbhanjyang
20520016,Hariharpur Gadhi
20520018,Hatpate
20520044,Ratnawati
20520043,Ratanchura
20520041,Ranibas
20520019,Jalkanya
20520020,Jarayotar
20520021,Jhangajholiralmata
20520022,Jinakhu
20520023,Kakurthakur
20520024,Kalpabrishykha
20520040,Purano Jhangajholi
20520039,Pipalmadi
20520025,Kamalamai Municipality
20520037,Netrakali
20520036,Majhuwa
20520042,Ranichuri
20520035,Mahendrajhayadi
20520033,Mahadevdada
20520032,Lampantar
20520030,Kyaneshwor
20520026,Kapilakot
20520027,Khangsang
20520028,Kholagaun
21133052,Kalaiya Municipality
21133050,Kachorwa
21133049,Kabahijabdi
21133006,Bachhanpurwa
21133055,Khutwajabdi
21133012,Banjariya
21133057,Kudawa
21133048,Kabahigoth
21133060,Madhurijabdi
21133083,Prasurmpur
21133061,Mahendraadarsha
21133062,Maheshpur
21133045,Jhitakaiya (South)
21133044,Itiyahi
21133063,Majhariya
21133061,Mahendraadarsha
21133042,Inarwamal
21133041,Hariharpur
21133040,Hardiya
21133038,Golaganj
21133065,Matiarwa
21133066,Motisar
21133067,Narahi
21133069,Pakadiyachikani
21133037,Ganjbhawanipur
21133093,Sinhasani
21133006,Bachhanpurwa
21133025,Bishunpur
21133036,Gadhahal
21133006,Bachhanpurwa
21133094,Sisahaniya
21133091,Shreenagar Bairiya
21133095,Tedhakatti
21133096,Telkuwa
21133098,Uchidiha
21133089,Rauwahi
21133071,Paterwa
21133087,Rampurwa
21133004,Avab
21133099,Umarjan
21133097,Tetariya
21133053,Karaiya
21133085,Raghunathpur
21133092,Sihorwa
21133090,Sapahi
21133088,Ratanpuri
21133087,Rampurwa
21133086,Rampurtokani
21133053,Karaiya
21133085,Raghunathpur
21133082,Prastoka
21133075,Pipara Simara
21133068,Nijgadh
21133064,Manaharwa
21133059,Lipanimal
21133056,Kolhabi
21133053,Karaiya
21133085,Raghunathpur
21133051,Kakadi
21133047,Jitpur Bhawanipur
21133046,Jhitakaiya (North)
21133043,Inarwasira
21133039,Haraiya
21133035,Fattepur
21133032,Dharmanagar
21133034,Dumarwana
21133045,Jhitakaiya (South)
21133033,Dohari
21133028,Chhata Pipra
21133027,Buniyad
21133023,Bhodaha
21133022,Bhatauda
21133021,Bharatganjsigaul
21133082,Prastoka
21133012,Banjariya
21133054,Khopawa
21133004,Avab
21133002,Amlekhganj
21133084,Purainiya
21133083,Prasurmpur
21133049,Kabahijabdi
21133080,Prasauni
21133077,Piparpati Parchrouwa
21133040,Hardiya
21133079,Pipradhigoth
21133031,Dewapur
21133019,Bhagwanpur
21133030,Dahiyar
21133029,Chhatawa
21133026,Bishunpurwa
21133025,Bishunpur
21133024,Bishrampur
21133020,Bhaluyeearwaliya
21133019,Bhagwanpur
21133019,Bhaganpur
21133018,Benauli
21133017,Beldari
21133016,Batara
21133014,Bariyarpur
21133013,Barainiya
21133010,Balirampur
21133009,Bahuari
21133040,Hardiya
21133078,Pipra Basantapur
21133008,Bagahi
21133072,Patharhati
21133001,Amarpatti
21133003,Amritgang
21133025,Bishunpur
21133075,Pipara
21133006,Bachhanpurwa
21133074,Pheta
21133073,Pathera
21133007,Badaki Fulbariya
21133005,Babuain
21133072,Patharhati
21133072,Patharhati
21133006,Bachhanpurwa
21133087,Rampurwa
21133051,Kakadi
21131029,Manahari
21131013,Dandakharka
21131041,Sisneri Mahadevsthan
21131043,Thingan
21131042,Sukaura
21131036,Raigaun
21131040,Shreepur Chhatiwan
21131037,Raksirang
21131035,Palung
21131034,Padam Pokhari
21131033,Nibuwatar
21131032,Namtar
21131011,Churiyamai
21131005,Betini
21131025,Khairang
21131024,Kankada
21131023,Kalikatar
21131022,Ipapanchakanya
21131002,Ambhanjyang
21131003,Bajrabarahi
21131004,Basamadi
21131001,Agara
21131021,Hurnamadi
21131039,Shikharpur
21131016,Faparbari
21131014,Dhimal
21131006,Bhaise
21131008,Bhimfedi
21131012,Daman
21131018,Handikhola
21131020,Hetauda Municipality
21131026,Kogate
21131027,Kulekhani
21131028,Makwanpur Gadhi
21131031,Markhu
21131000,Parsa Wildlife Reserve
21131007,Bharta Pundyadevi
21131044,Tistung Deurali
21131030,Manthali
21131019,Hatiya
21131015,Fakhel
21131010,Chitlang
21131017,Gogane
21131009,Budhichaur
21131038,Sarikhet Palase
21134006,Bageshwari Tirtrona
21134005,Bagbana
21134017,Bijbaniya
21134022,Bisrampur
21134076,Sugauli Birta
21134023,Chorni
21134029,Ghoddauda Pipra
21134035,Jagaranathpursira
21134066,Sabaithawa
21134036,Jaimangalapur
21134064,Ramgadhawa
21134040,Kauwabankataiya
21134043,Lalparsa
21134059,Parsaunibirta
21134041,Lahawarthakari
21134034,Harpur
21134044,Langadi
21134045,Lipanibirta
21134046,Madhubanmathaul
21134047,Mahadevpatti
21134048,Mahuwan
21134024,Deukhana
21134050,Maniyari
21134020,Birgunj Municipality
21134018,Bindabasini
21134051,Masihani
21134016,Bhisawa
21134054,Mudali
21134055,Nagardaha
21134056,Nichuta
21134058,Pancharukhi
21134061,Pidariguthi
21134067,Sakhuwa Prasauni
21134069,Sankarsaraiya
21134012,Beriyabirta
21134070,Sedhawa
21134072,Sirsiyakhalwatola
21134000,Royal Chitawan National Park
21134003,Auraha
21134007,Bahauripidari
21134075,Subarnapur
21134077,Sugauli Partewa
21134062,Pokhariya
21134055,Nagardaha
21134008,Bahuarbamatha
21134078,Supauli
21134080,Thori
21134009,Basadilwa
21134081,Tulasibarba
21134082,Udayapurdhurmi
21134012,Beriyabirta
21134079,Surjaha
21134030,Govindapur
21134011,Belwaparsouni
21134071,Shivaworga
21134013,Beriyabirta (Wa.Pu.)
21134019,Biranchibarba
21134074,Sreesiya (Nau.Ta.Ja.)
21134021,Birwaguthi
21134001,Alau
21134014,Bhawanipur
21134053,Mirjapur
21134042,Lakhanpur
21134024,Deukhana
21134025,Dhaubini
21134015,Bhedihari
21134031,Hariharpur
21134027,Gadi
21134026,Dhore
21134002,Amarpatti
21134032,Hariharpur Birta
21134033,Harpatagunj
21134037,Janakitala
21134049,Mainpur (Pakaha)
21134060,Parsaunimatha
21134029,Ghoddauda Pipra
21134004,Bagahi
21134038,Jeetpur
21134050,Maniyari
21134010,Basantpur
21134063,Prasurampur
21134083,Vauratar
21134073,Sonbarsa
21134068,Samjhauta
21134002,Amarpatti
21134039,Jhouwaguthi
21134065,Ramnagari
21134057,Nirmalbasti
21134052,Mikhampur
21134028,Gamhariya
21132081,Rajpurtulsi
21132018,Brahmapuri
21132076,Pratappur Paltuwa
21132031,Gangapipara
21132075,Pothiyahi
21132007,Bairiya
21132032,Garudabairiya
21132006,Bahuwa Madanpur
21132004,Badharwa
21132061,Mathiya
21132074,Pipra Rajbara
21132065,Narkatiya Guthi
21132033,Gaur Municipality
21132073,Pipra Bhagwanpur
21132079,Rajdevi
21132034,Gedahiguthi
21132063,Mithuawa
21132092,Saruatha
21132094,Shitalpur Bairgania
21132016,Bishrampur
21132019,Chandranigahapur
21132096,Tejapakar
21132062,Matsari
21132060,Masedawa
21132024,Dumariya (Matiauna)
21132064,Mudwalawa
21132059,Maryadpur
21132058,Malahi
21132057,Mahamadpur
21132056,Madhopur
21132055,Lokaha
21132097,Tengraha
21132002,Akolawa
21132003,Auraiya
21132077,Prempur Gunahi
21132005,Bagahi
21132035,Hadiryapaltuwa
21132078,Raghunathpur
21132082,Ramolibairiya
21132048,Karkachkarmaiya
21132008,Banjaraha
21132051,Khesarhiya
21132049,Karuniya
21132027,Fatuwaharsaha
21132095,Simara Bhawanipur
21132090,Santpur (Matiaun)
21132036,Hajminiya
21132050,Katahariya
21132001,Ajagabi
21132037,Hathiyahi
21132038,Iharbarijyutahi
21132046,Judibela
21132047,Kakanpur
21132052,Laximiniya
21132054,Laxmipur Belbichawa
21132078,Raghunathpur
21132030,Gamhariyaparsa
21132066,Pacharukhi
21132067,Pataura
21132082,Ramolibairiya
21132029,Gamhariyabirta
21132028,Gadhi(Bhanawanpur)
21132027,Fatuwaharsaha
21132009,Bariyarpur
21132026,Fatuhamaheshpur
21132025,Dumriya(Paroha)
21132010,Basantapatti
21132023,Dipahi
21132011,Basatpur
21132012,Basbitijingadiya
21132013,Bhalohiya (Pipra)
21132083,Rampurkhap
21132084,Rangapur
21132068,Patharabudha Rampur
21132085,Sakhuawa
21132086,Sakhuwa Dhamaura
21132069,Paurai
21132087,Samanpur
21132093,Saunaraniya
21132014,Bhediyahi
21132021,Dharampur
21132091,Sarmujawa
21132015,Birtiprastoka
21132050,Katahariya
21132022,Dharhari
21132017,Bisunpurwamanpur
21132045,Jowaha (Jokaha)
21132039,Inaruwa
21132053,Laxmipur (Do)
21132040,Jatahara
21132072,Pipariya (Paroha)
21132070,Pipara Pokhariya
21132041,Jayanagar
21132088,Sangrampur
21132043,Jhunkhunwa
21132044,Jingadawabelbichwa
21132071,Pipariya (Dostiya)
21132089,Santapur (Dostiya)
21132020,Debahi
21132042,Jethrahiya
21135006,Birendranagar
21135014,Gitanagar
21135019,Kathar
21135021,Khairahani
21135023,Kumroj
21135015,Gunjanagar
21135013,Gardi
21135027,Meghauli
21135028,Padampur
21135032,Pithuwa
21135033,Ratnanagar Municipality
21135036,Sibanagar
21135035,Shaktikhor
21135007,Chainpur
21135025,Madikalyanpur
21135011,Dibyanagar
21135003,Bagauda
21135004,Bhandara
21135002,Bachhyauli
21135001,Ayodhyapuri
21135008,Chandibhanjyang
21135037,Siddi
21135005,Bharatpur Municipality
21135026,Mangalpur
21135010,Darechok
21135017,Jutpani
21135018,Kabilas
21135024,Lothar
21135038,Sukranagar
21135029,Parbatipur
21135009,Dahakhani
21135034,Saradanagar
21135016,Jagatpur
21135020,Kaule
21135012,Fulbari
21135000,Royal Chitawan National Park
21135030,Patihani
21135031,Piple
21135022,Korak
10710059,Tiwari Bhangyan
10710016,Chaukidada
10710057,Thulodumma
10710051,Sanodumma
10710063,Yangpang
10710048,Pyauli
10710044,Okhre
10710038,Kulunga
10710010,Bhulke
10710008,Bhojpur
10710007,Bhaisipankha
10710006,Basteem
10710004,Basikhola
10710002,Annapurna
10710011,Bokhim
10710012,Boya
10710014,Changre
10710015,Charambi
10710017,Chhinamakhu
10710018,Dalgaun
10710040,Mane Bhanjyang
10710039,Lekharka
10710033,Khartimchha
10710031,Keurepani
10710030,Keemalung
10710027,Helauchha
10710032,Khairang
10710001,Aamtep
10710024,Gogane
10710036,Kota
10710053,Siddheswor
10710045,Pangcha
10710029,Jarayotar
10710019,Deurali
10710042,Nagi
10710055,Taksar
10710041,Mulpani
10710003,Baikuntha
10710013,Champe
10710035,Khawa
10710037,Kudakkaule
10710043,Nepaledada
10710052,Shyamsila
10710058,Timma
10710025,Gupteshwor
10710049,Ranibas
10710046,Patlepani
10710054,Sindrang
10710056,Thidingkha
10710021,Dhotlekhani
10710061,Walangkha
10710005,Basingtharpur
10710022,Dobhane
10710034,Khatamma
10710009,Bhubal(Yoon)
10710020,Dewantar
10710023,Dummana
10710026,Hasanpur
10710028,Homtang
10710047,Pawala
10710060,Tunggechha
10710062,Yaku
10710050,Sangpang
10707007,Bodhe
10707032,Rajarani
10707034,Tankhuwa
10707026,Mounabudhuk
10707035,Telia
10707024,Mahabharat
10707010,Chanuwa
10707036,Vedetar
10707014,Dandagaun
10707017,Falate
10707022,Kurule
10707021,Khuwafok
10707020,Khoku
10707016,Faksib
10707027,Mudebas
10707015,Dhankuta Municipality
10707013,Dandabazar
10707012,Chungwang
10707011,Chhintang
10707009,Budimorang
10707008,Budhabare
10707018,Ghorlikharka
10707019,Hathikharka
10707023,Leguwa
10707025,Marekkatahare
10707028,Muga
10707029,Murtidhunga
10707030,Pakhribas
10707031,Parewadin
10707033,Sanne
10707001,Ahale
10707002,Ankhisalla
10707004,Basantatar
10707005,Belhara
10707006,Bhirgaun
10707003,Arkhaulejitpur
10705058,Sundarpur
10705020,Dulari
10705019,Drabesh
10705018,Dangraha
10705016,Dainiya
10705034,Kerabari
10705035,Keroun
10705022,Haraicha
10705036,Lakhantari
10705023,Hasandaha
10705024,Hathimudha
10705033,Kathamaha
10705037,Letang
10705025,Hoklabari
10705038,Madhumalla
10705039,Mahadewa
10705032,Katahari
10705065,Warangi
10705066,Yangshila
10705004,Babiyabirta
10705040,Majhare
10705041,Matigachha
10705060,Tandi
10705054,Sinhadevisombare
10705049,Ramitekhola
10705046,Patigaun
10705042,Motipur
10705026,Indrapur
10705043,Mrigauliya
10705031,Kaseni
10705044,Necha
10705027,Itahara
10705028,Jante
10705045,Pathari
10705029,Jhorahat
10705003,Amgachhi
10705047,Pokhariya
10705002,Amardaha
10705064,Urlabari
10705001,Amahibariyati
10705063,Thalaha
10705062,Tetariya
10705061,Tankisinuwari
10705012,Bhogateni
10705059,Takuwa
10705021,Govindapur
10705057,Sorabhag
10705056,Sisawanijahada
10705055,Sisabanibadahara
10705053,Sijuwa
10705005,Bahuni
10705052,Sidharaha
10705017,Dangihat
10705006,Baijanathpur
10705007,Banigama
10705008,Baradanga
10705009,Bayarban
10705010,Belbari
10705011,Bhaudaha
10705013,Biratnagar Sub Metropolitan City
10705014,Budhanagar
10705051,Sanischare
10705050,Rangeli
10705048,Rajghat
10705015,Dadarbairiya
10705030,Jhurkiya
10709017,Makalu
10709012,Keemathnka
10709023,Nundhaki
10709027,Siddhakali
10709028,Siddhapokhari
10709031,Syabun
10709016,Madirambeni
10709007,Chepuwa
10709026,Sabhapokhari
10709013,Khadbari Municipality
10709022,Num
10709011,Jaljala
10709009,Diding
10709006,Chainpur
10709008,Dhupu
10709019,Mangtewa
10709003,Bala
10709001,Ankhibhui
10709004,Bana
10709020,Matsyapokhari
10709005,Baneswor
10709024,Pathibhara
10709033,Tamku
10709014,Kharang
10709034,Yafu
10709015,Madimulkharka
10709018,Mamling
10709010,Hatiya
10709021,Mawadin
10709032,Tamafok
10709030,Sitalpati
10709029,Sisuwakhola
10709025,Pawakhola
10709002,Bahrabise
10706050,Sonapur
10706052,Tanamuna
10706020,Duhabi
10706025,Haripur
10706051,Sripurjabdi
10706049,Singiya
10706047,Santerjhora
10706045,Ramnagarbhutaha
10706044,Ramganjsenuwari
10706043,Ramganjbelgachhi
10706042,Purbakushaha
10706040,Paschimkasuha
10706037,Narshinhatappu
10706036,Mahendranagar
10706035,Madhyeharsahi
10706013,Bishnupaduka
10706011,Bharaul
10706001,Aekamba
10706004,Aurabarni
10706009,Bhadgausinawari
10706010,Bhaluwa
10706021,Dumaraha
10706022,Gautampur
10706007,Barahachhetra
10706018,Dharan Municipality
10706023,Hanshposha
10706024,Harinagar
10706027,Itahari Municipality
10706028,Jalpapur
10706029,Kaptanganj
10706000,Koshi Tappu Wildlife
10706032,Madhelee
10706039,Panchakanya
10706033,Madhesa
10706031,Laukahi
10706034,Madhuwan
10706038,Pakali
10706041,Prakashpur
10706046,Sahebganj
10706030,Khanar
10706026,Inaruwa Municipality
10706019,Dhuskee
10706017,Dewanganj
10706016,Chimdi
10706015,Chhitaha
10706014,Chadwela
10706006,Bakalauri
10706008,Basantapur
10706005,Babiya
10706002,Amaduwa
10706003,Amahibelaha
10706012,Bhokraha
10706048,Simariya
10708023,Sabla
10708022,Pouthak
10708014,Morahang
10708011,Jaljale
10708009,Hamarjung
10708007,Eseebu
10708005,Chuhandanda
10708002,Angdeem
10708001,Ambung
10708025,Sankranti Bazar
10708026,Shreejung
10708027,Simle
10708028,Solma
10708031,Tamfula
10708032,Thoklung
10708018,Panchakanya Pokhari
10708030,Sungnam
10708029,Sudap
10708024,Samdu
10708020,Phulek
10708017,Oyakjung
10708016,Okhare
10708015,Myanglung
10708013,Khamlalung
10708012,Jirikhinti
10708019,Phakchamara
10708010,Hwaku
10708008,Ewa
10708006,Dangapa
10708003,Basantapur
10708004,Chhatedhunga
10708021,Piple
11003030,Nayabazar
11003039,Sakhejung
11003040,Samalbung
11003041,Sangrumba
11003044,Shreeantu
11003045,Siddhithumka
11003029,Namsaling
11003049,Sumbek
11003028,Mangalbare
11003025,Mahamai
11003024,Mabu
11003026,Maimajhuwa
11003015,Ilam Municipality
11003014,Gorkhe
11003013,Goduk
11003012,Gajurmukhi
11003003,Barbote
11003002,Bajho
11003046,Sopak
11003047,Soyang
11003048,Sulubung
11003027,Maipokhari
11003032,Pasupatinagar
11003016,Jamuna
11003036,Puwamajhuwa
11003038,Sakfara
11003005,Chisapani
11003031,Panchakanya
11003023,Lumde
11003021,Kolbung
11003020,Kanyam
11003043,Shantipur
11003019,Jogmai
11003018,Jitpur
11003008,Dhuseni
11003033,Phakphok
11003034,Phikalbazar
11003035,Phuyatappa
11003042,Shantidanda
11003006,Chulachuli
11003037,Pyang
11003017,Jirmale
11003011,Erautar
11003010,Ektappa
11003009,Ebhang
11003001,Amchok
11003004,Chameta
11003007,Danabari
11003022,Laxmipur
11004022,Goldhap
11004021,Gherabari
11004030,Kohabara
11004031,Korobari
11004032,Kumarkhod
11004034,Mahabhara
11004037,Mechinagar Municipality
11004038,Panchgachhi
11004041,Prithivinagar
11004047,Shivaganj
11004048,Surunga
11004006,Baniyani
11004005,Balubari
11004004,Baigundhura
11004008,Budhabare
11004036,Maheshpur
11004043,Sanischare
11004033,Lakhanpur
11004015,Dharampur
11004040,Pathariya
11004003,Bahundangi
11004045,Shantinagar
11004013,Dangibari
11004028,Khajurgachhi
11004029,Khudunabari
11004027,Kechana
11004025,Juropani
11004024,Jalthal
11004035,Maharanijhoda
11004019,Gauriganj
11004020,Ghailadubba
11004018,Gauradaha
11004014,Dhaijan
11004036,Maheshpur
11004023,Haldibari
11004007,Bhadrapur Municipality
11004026,Jyamirgadhi
11004017,Garamani
11004002,Arjundhara
11004016,Duwagadhi
11004009,Chakchaki
11004010,Chandragadhi
11004011,Charpane
11004001,Anarmani
11004012,Damak Municipality
11004050,Topgachchi
11004046,Sharanamati
11004044,Satasidham
11004042,Rajgadh
11004039,Pathamari
11004049,Tagandubba
11002034,Sarangdanda
11002031,Rabi
11002028,Phaktep
11002024,Olane
11002019,Mauwa
11002018,Mangjabung
11002015,Limba
11002014,Kurumba
11002013,Hangum
11002002,Aangsarang
11002009,Durdimba
11002004,Amarpur
11002006,Chilingdin
11002003,Aarubote
11002001,Aangna
11002005,Bharapa
11002012,Falaicha
11002041,Yasok
11002040,Yanganam
11002007,Chokmagu
11002039,Tharpu
11002008,Chyangthapu
11002038,Syangrumba
11002037,Sumang
11002010,Ekteen
11002011,Embung
11002036,Siwa
11002016,Lungrupa
11002017,Luwamfu
11002035,Sidin
11002020,Memeng
11002033,Ranitar
11002021,Nagi
11002022,Nangeen
11002032,Ranigaun
11002023,Nawamidanda
11002030,Prangbung
11002025,Oyam
11002026,Panchami
11002027,Pauwasartap
11002029,Phidim
11001038,Sawadin
11001031,Phulbari
11001037,Sanwa
11001001,Ambegudin
11001002,Ankhop
11001003,Chaksibote
11001004,Change
11001005,Dhungesaghu
11001007,Dummrise
11001009,Hangdeva
11001012,Khamlung
11001015,Khokling
11001017,Limbudin
11001044,Tellok
11001045,Thechambu
11001047,Thukima
11001046,Thinglabu
11001043,Tapethok
11001006,Dokhu
11001010,Hangpang
11001018,Lingtep
11001022,Mehele
11001024,Nankholyang
11001025,Nidhuradin
11001028,Pedang
11001032,Phungling
11001033,Phurumbu
11001021,Mamankhe
11001013,Khejenim
11001011,Kalikhola
11001008,Ekhabu
11001040,Sikaicha
11001042,Surumakhim
11001020,Liwang
11001014,Khewang
11001019,Linkhim
11001023,Nalbu
11001029,Phakumba
11001030,Phawakhola
11001050,Yamfudin
11001027,Papung
11001016,Lelep
11001034,Sadewa
11001035,Sangu
11001036,Santhakra
11001039,Sawalakhu
11001049,Tiringe
11001026,Olangchunggola
11001048,Thumbedin
11001041,Sinam
11313046,Lichkiramche
11313052,Mauwabote
11313036,Kahule
11313004,Badakadiyale
11313005,Bahunidanda
11313007,Baksila
11313008,Bamrang
11313010,Baspani
11313031,Faktang
11313011,Batase
11313062,Rakhadipsung
11313026,Diplung
11313022,Devisthan
11313075,Wopung
11313063,Ratancha Majhagau
11313020,Damar Khushivalaya
11313017,Chisapani
11313009,Baraha Pokhari
11313012,Bijayakharka
11313064,Ribdung Jaleswor
11313013,Buipa
11313057,Pauwasera
11313068,Saunechaur
11313014,Chhita Pokhari
11313015,Chhorambu
11313016,Chipring
11313018,Chyandada
11313019,Chyasmitar
11313021,Dandagaun
11313023,Dhitung
11313065,Sa.Chhita Pokhari
11313066,Salle
11313024,Diktel
11313067,Sapteswor
11313025,Dikuwa
11313027,Dorpachiuridada
11313042,Khotang Bazar
11313028,Dubekoldada
11313029,Dumre Dharapani
11313030,Durchhim
11313032,Haunchur
11313033,Indrani Pokhari
11313034,Jalapa
11313072,Suntale
11313003,Badahare
11313002,Arkhaule
11313058,Phedi
11313035,Jyamire
11313056,Patheka
11313055,Nunthala
11313054,Nirmalidada
11313053,Nerpa
11313051,Mattimbirta
11313050,Mangaltar
11313001,Ainselukharka
11313049,Mahadevsthan
11313048,Magpa
11313069,Sawakatahare
11313070,Simpani
11313037,Khalle
11313073,Temma
11313074,Woplukha
11313076,Yamkha
11313047,Linkuwa Pokhari
11313006,Bakachol
11313061,Rakhabangdel
11313071,Sungdel
11313059,R.Maheswori
11313038,Kharmi
11313039,Kharpa
11313040,Khartanchha
11313041,Khidima
11313045,Lamidada
11313043,Kuvinde
11313044,Lafyang
11313060,Rajapani
11312031,Mulkharka
11312004,Barnalu
11312009,Bigutar
11312010,Bilandu
11312011,Chyanam
11312012,Diyale
11312013,Fediguth
11312022,Ketuke
11312003,Balakhu
11312007,Bhadaure
11312045,Salleri
11312028,Mamkha
11312041,Raniban
11312021,Katunje
11312048,Singhadevi
11312030,Moli
11312033,Okhaldhunga
11312038,Prapcha
11312044,Rumjatar
11312047,Shreechaur
11312050,Taluwa
11312055,Ubu
11312018,Jyamire
11312001,Andheri (Narayansthan)
11312020,Kaptigaun (Khigikati)
11312023,Khijichandeshwori
11312024,Khijifalate
11312036,Pokali
11312040,Ragani
11312043,Rawadolu
11312056,Yasam
11312054,Thulachhap
11312053,Thoksel
11312052,Thakle
11312051,Tarkerabari
11312046,Serna
11312042,Ratmata
11312039,Ragadeep
11312037,Pokhare
11312049,Sisneri
11312008,Bhussinga
11312017,Jantarkhani
11312035,Palte
11312002,Baksa
11312005,Baruneshwor
11312015,Gamnangtar
11312016,Harkapur
11312019,Kalikadevi
11312006,Betini
11312025,Kuibhir
11312026,Kuntadevi
11312027,Madhavpur
11312029,Mane Bhanjyang
11312034,Palapu
11312032,Narmedeshwor
11312014,Fulbari
11315085,Nardho
11315073,Madhawapur
11315064,Khojpur
11315012,Barsain (Ko.)
11315062,Kataiya
11315115,Trikola
11315013,Basbalpur
11315060,Kamalpur
11315010,Banauli
11315055,Joginiya-1
11315008,Banarjhula
11315072,Lohajara
11315007,Banainiya
11315071,Launiya
11315099,Rampur Malhaniya
11315103,Rupnagar
11315004,Bairawa
11315050,Itahari Bishnupur
11315074,Madhupati
11315033,Dharampur
11315077,Maina Sahasrabahu
11315049,Inarwa Fulpariya
11315070,Lalapati
11315003,Badgama
11315014,Basbiti
11315097,Rajbiraj Municipality
11315096,Prasabani
11315078,Malekpur
11315068,Koiladi
11315079,Maleth
11315067,Kochabakhari
11315102,Rayapur
11315065,Khoksarparbaha
11315017,Belhichapena
11315022,Birpurbarahi
11315063,Khadgapur
11315058,Kachan
11315022,Birpurbarahi
11315095,Portaha
11315049,Inarwa Fulpariya
11315042,Gobargada
11315026,Brahmapur
11315041,Gamhariyaparwaha
11315036,Diman
11315035,Didhawa
11315105,Sankarpura
11315031,Deurimaruwa
11315067,Kochabakhari
11315027,Chhinnamasta
11315107,Simrahasigiyoun
11315023,Bishahariya
11315021,Bhutahi
11315091,Pato
11315070,Lalapati
11315021,Bhutahi
11315110,Tarahi
11315020,Bhardaha
11315019,Bhangaha
11315003,Badgama
11315044,Hanuman Nagar
11315106,Saraswar
11315111,Terahota
11315040,Fulkahi
11315011,Baramjhiya
11315093,Pipra (East)
11315024,Bodebarsaien
11315066,Ko.Madhepura
11315069,Kushaha
11315075,Mahadeva
11315025,Boriya
11315076,Mainakaderi
11315009,Banaula
11315066,Ko.Madhepura
11315006,Bamangamakatti
11315005,Bakdhauwa
11315059,Kalyanpur
11315098,Ramnagar
11315089,Pansera
11315078,Malekpur
11315080,Malhanama
11315015,Bathanaha
11315046,Hariharpur
11315016,Belhi
11315030,Deuri
11315084,Mohanpur
11315032,Dhanagadi
11315015,Bathanaha
11315082,Manraja
11315047,Haripur
11315056,Joginiya-2
11315034,Dhodhanpur
11315088,Pakari
11315037,Fakira
11315048,Inarwa
11315090,Paterwa
11315090,Paterwa
11315045,Hardiya
10706000,Koshi Tappu Wildlife
11315039,Fatepur
11315002,Aurahi
11315001,Arnaha
11315081,Malhaniya
11315083,Mauwaha
11315089,Pansera
11315038,Farseth
11315087,Odraha
11315092,Patthargada
11315094,Pipra (West)
11315100,Rampur Jamuwa
11315101,Rautahat
11315104,Sambhunath
11315108,Siswabeihi
11315112,Theliya
11315113,Tikuliya
11315114,Tilathi
11315040,Fulkahi
11315054,Jhutaki
11315053,Jandaul
11315052,Jamuni Madhepura
11315115,Trikola
11315109,Sitapur
11315029,Daulatpur
11315051,Jagatpur
11315043,Goithi
11315057,Kabilas
11315032,Dhanagadi
11315086,Negada
11315033,Dharampur
11315061,Kanchanpur
11315033,Dharampur
11315018,Bhagawatpur
11315028,Dadha
11316043,Hanumannagar (Pra.Dha.)
11316010,Bastipur
11316011,Belaha
11316037,Gauripur
11316029,Devipur
11316098,Sisawani
11316013,Betauna
11316009,Bariyarpatti
11316004,Ashokpurbalkawa
11316036,Gadha
11316064,Lalpur
11316049,Jamadaha
11316001,Arnamalalpur
11316014,Bhadaiya
11316020,Bishnupurpra.Ma.
11316027,Chatari
11316028,Chikana
11316039,Govindapur Malahanama
11316071,Maheshpur Gamharia
11316057,Kharukyanhi
11316058,Khirauna
11316059,Krishnapur Birta
11316060,Kushahalaxininiya
11316061,Lagadigadiyani
11316063,Lahan Municipality
11316065,Laxminiya
11316062,Lagadigodh
11316054,Kalyanpur Jabadi
11316099,Sitapurpra.Da.
11316091,Rampurbirta
11316090,Ramnagar Mirchaiya
11316080,Muksar
11316076,Malhaniyakhori
11316066,Laxmipur (Pra.Ma.)
11316040,Govindpur Taregana
11316034,Fulbariya
11316003,Asanpur
11316032,Dumari
11316031,Dhodhana
11316026,Chandrodayapur
11316026,Chandrodayapur
11316024,Chandra Ayodhyapur
11316022,Bishnu Purkatti
11316007,Badharamal
11316030,Dhanagadi
11316069,Mahadewaportaha
11316102,Sothiyan
11316074,Majhaura
11316077,Mauwahi
11316081,Nahararigoul
11316084,Padariyatharutol
11316092,Sakhuwa Nankarkatti
11316093,Sanhaitha
11316103,Sukhachina
11316104,Sukhipur
11316105,Tenuwapatti
11316053,Kachanari
11316051,Jighaul
11316048,Itatar
11316047,Itariparsahi
11316046,Itarhawa
11316044,Harakatti
11316006,Ayodhyanagar
11316107,Tulsipur
11316038,Gautari
11316049,Jamadaha
11316064,Lalpur
11316055,Kalyanpur Kalabanzar
11316056,Karjanha
11316072,Maheshpur Patari
11316073,Majhauliya
11316078,Media
11316045,Inarwa
11316088,Radhopur
11316095,Sikron
11316041,Hakpara
11316035,Fulkahakati
11316012,Belhi
11316033,Durgapur
11316067,Laxmipurpatari
11316068,Madar
11316070,Mahanaur
11316075,Malhaniya Gamharia
11316018,Bhawanpur Kalabanzar
11316023,Brahma Gaughadi
11316021,Bishnupurpra.Ra
11316008,Barchhawa
11316002,Arnamarampur
11316079,Mohanpur Kamalpur
11316082,Narahabalkawa
11316083,Navarajpur
11316050,Janakinagar
11316085,Piprapra.Dha
11316052,Kabilasi
11316089,Rajpur
11316015,Bhaganpur
11316005,Aurahi
11316016,Bhagawatipur
11316017,Bhawanipur
11316086,Piprapra.Pi
11316094,Sarswar
11316042,Hanumannagar
11316087,Pokharbhinda
11316096,Silorba Pachhawari
11316097,Siraha Municipality
11316100,Sitapurpra.Ra.
11316101,Sonmati Majhaura
11316102,Sothiyan
11316106,Thalahakataha
11316108,Vidhyanagar
11316019,Bhokraha
11311008,Chheskam
11311017,Kangel
11311023,Mukali
11311022,Mabe (Pawai)
11311021,Lokhim
11311016,Kaku
11311015,Jubu
11311030,Salyan
11311013,Gudel
11311012,Gorakhani
11311011,Goli
11311010,Garma
11311009,Deusa
11311004,Bhakanje
11311002,Basa
11311029,Salleri
11311003,Beni
11311028,Panchan
11311024,Namche
11311018,Khumjung
11311034,Tingla
11311026,Nechabedghari
11311001,Baku
11311006,Chaula Kharka
11311014,Jubing
11311019,Kureng
11311020,Lodingtamakhani
11311031,Sotang
11311025,Nechabatase
11311033,Tapting
11311032,Takasindu
11311006,Chaula Kharka
11311005,Bung
11311027,Nele
11314006,Bashaha
11314015,Jante
11314021,Lekhani
11314043,Triyuga Municipality
11314041,Thoksila
11314038,Tapeswori
11314030,Risku
11314025,Nametar
11314024,Mainamiani
11314019,Khanbu
11314014,Jalpa Chilaune
11314011,Hadiya
11314007,Beltar
11314028,Pokhari
11314003,Baraha
11314013,Iname
11314034,Sidhdipur
11314045,Yayankhu
11314031,Rupatar
11314040,Thanagau
11314037,Tamlida
11314035,Sirise
11314036,Sundarpur
11314022,Lekhgau
11314000,Koshi Tappu Wildlife
11314026,Okhale
11314023,Limpatar
11314020,Laphagau
11314012,Hardeni
11314042,Tribeni
11314033,Shorungchabise
11314005,Basabote
11314002,Balamta
11314044,Valayadanda
11314001,Aaptar
11314004,Barai
11314008,Bhuttar
11314009,Chaudandi
11314010,Dumre
11314016,Jogidaha
11314017,Katari
11314018,Katunje Bawala
11314027,Pachchawati
11314029,Rauta
11314032,Saune
11314039,Tawashree
50974029,Kotila
50974062,Thalakanda
50974051,Shankarpur
50974061,Talladehi
50974060,Sreekot
50974003,Basuling
50974002,Basantapur
50974055,Siddhapur
50974054,Shivaling
50974004,Bhatana
50974005,Bhumeswor
50974056,Siddheswor
50974021,Gokuleswor
50974053,Shikharpur
50974023,Gurukhola
50974022,Gujar
50974020,Giregada
50974019,Gajari
50974018,Durgasthan
50974052,Shibanath
50974017,Durgabhabani
50974047,Rudreswor
50974046,Rauleswor
50974045,Raudidewal
50974016,Dilasaini
50974044,Patan
50974015,Dhungad
50974014,Dhikasintad/ Sitad
50974050,Sarmali
50974042,Nwali
50974013,Dhikarim/ Rim
50974012,Deulek
50974032,Kuwakot
50974011,Dehimandau
50974041,Nwadeu
50974010,Dasharathchanda Municipality
50974009,Chaukham
50974040,Nagarjun
50974039,Melauli
50974037,Mathairaj
50974035,Maharudra
50974031,Kulau
50974028,Kataujpani
50974027,Kaipal
50974025,Hat
50974024,Gwallek
50974026,Hatraj
50974034,Mahakali
50974063,Udayadeb
50974033,Mahadevsthan
50974008,Bumiraj
50974007,Bilashpur
50974006,Bijayapur
50974001,Amchaur
50974030,Kotpetara
50974036,Malladehi
50974038,Maunali
50974048,Sakar
50974049,Salena
50974059,Sreekedar
50974058,Silanga
50974057,Sikash
50974043,Pancheswor
50973002,Alital
50973005,Bagarkot
50973011,Ganeshpur
50973001,Ajayameru
50973021,Sirsha
50973003,Amargadhi Municipality
50973007,Bhadrapur
50973009,Chipur
50973014,Kailapalamandau
50973015,Koteli
50973004,Ashigram
50973006,Belapur
50973008,Bhageswor
50973010,Dewaldibyapur
50973012,Gankhet
50973013,Jogbuda
50973016,Manilek
50973018,Nawadurga
50973020,Samejee
50973019,Rupal
50973017,Mashtamandau
50975004,Byash
50975034,Seri
50975035,Sharmauli
50975036,Sikhar
50975032,Rithachaupata
50975031,Rapla
50975030,Ranisikhar
50975029,Pipalchauri
50975028,Malikarjun
50975027,Latinath
50975026,Lali
50975025,Kharkada
50975024,Khar
50975023,Khandeswori
50975022,Khalanga
50975021,Kante
50975001,Bhagabati
50975002,Boharigau
50975003,Bramhadev
50975033,Sankarpur
50975005,Chhapari
50975006,Dadakot
50975007,Dattu
50975037,Sipti
50975008,Dethala
50975038,Sitaula
50975039,Sunsera
50975040,Tapoban
50975020,Huti
50975019,Hunainath
50975041,Uku
50975018,Hikila
50975014,Ghusa
50975016,Guljar
50975015,Gokuleswor
50975009,Dhap
50975010,Dhari
50975011,Dhaulakot
50975012,Dhuligada
50975013,Eyarkot
50975017,Gwani
50972017,Sankarpur
50972000,Royal Shuklaphanta
50972013,Pipaladi
50972016,Rautelibichawa
50972015,Rampurbilaspur
50972014,Raikawarbichawa
50972013,Pipaladi
50972012,Parasan
50972008,Kalika
50972006,Dodhara
50972003,Chandani
50972004,Daijee
50972005,Dekhatbhuli
50972002,Beldandi
50972007,Jhalari
50972011,Mahendra Nagar Municipality
50972000,Royal Shuklaphanta
50972000,Royal Shuklaphanta
50972019,Suda
50972009,Krishnapur
50972010,Laxmipur
50972020,Tribhuwanbast
50972001,Baisibichawa
50972018,Sreepur
51469032,Janalibandali
51469039,Khaptad
51469001,Babala
51469031,Jalapadevi
51469075,Warla
51469037,Kalika
51469009,Bhairabsthan
51469049,Mashtanamdali
51469038,Kalikasthan
51469051,Nada
51469056,Payal
51469064,Sera
51469005,Basti
51469071,Toli
51469039,Khaptad
51469030,Hichma
51469029,Hatikot
51469028,Gajara
51469027,Duni
51469046,Malatikot
51469026,Dhungachalna
51469033,Janalikot
51469025,Dhudharukot
51469003,Bannatoli
51469034,Jupu
51469035,Kalagau
51469024,Dhodasain
51469036,Kalekanda
51469004,Baradadivi
51469023,Dhamali
51469002,Baijinath
51469022,Dhaku
51469021,Dhakari
51469020,Devisthan
51469058,Rahaph
51469019,Darna
51469018,Chaphamandau
51469040,Khodasadevi
51469041,Kuika
51469017,Chandika (Bayalpata)
51469074,Walant
51469073,Turmakhad
51469072,Tosi
51469006,Batulasen
51469016,Chalsa
51469007,Bayala
51469042,Kuntibandali
51469070,Timilsain
51469043,Kushkot
51469015,Budhakot
51469008,Bhagyaswori
51469069,Thanti
51469068,Sutar
51469067,Soukat
51469066,Siudi
51469065,Siddheswor
51469044,Layati
51469010,Bhatakatiya
51469063,Santada
51469061,Ridikot
51469062,Risidaha
51469060,Raniban
51469011,Bhuli
51469059,Ramarosan
51469057,Pulletala
51469055,Patalkot
51469054,Oligau
51469012,Binayak
51469053,Nawathana
51469052,Nandegada
51469050,Mastamandau
51469013,Bindhyawasini
51469048,Marku
51469047,Mangalsen
51469014,Birpath
51469045,Lungra
51468001,Banjh
51468002,Bhairabanath
51468033,Maulali
51468003,Bhamchaur
51468005,Byasi
51468021,Kaphalaseri
51468019,Kalukheti
51468007,Chaudhari
51468009,Dangaji
51468010,Dantola
51468011,Daulichaur
51468022,Khiratadi
51468023,Koiralakot
51468024,Kotbhairab
51468026,Lamatola
51468028,Luyanta
51468030,Malumela
51468031,Mashdev
51468034,Melbisauni
51468018,Kailash
51468036,Patadewal
51468045,Sunkuda
51468040,Rilu
51468043,Subeda
51468041,Rithapata
51468032,Matela
51468025,Kotdewal
51468017,Kadel
51468016,Hemantabada
51468042,Sainpasela
51468038,Pipalkot
51468027,Lekhgau
51468015,Gadaraya
51468014,Dhamena
51468012,Deulekh
51468039,Rayal
51468044,Sunikot
51468013,Deulikot
51468008,Dahabagar
51468046,Surma
51468020,Kanda
51468006,Chainpur
51468047,Syandi
51469039,Khaptad
51468037,Pauwagadhi
51468035,Parakatne
51468029,Majhigau
51468004,Bhatekhola
51469039,Khaptad
51467020,Kotila
51467025,Rugin
51467024,Pandusain
51467018,Kanda
51467023,Martadi
51467021,Kuldeumadau
51467015,Jugada
51467014,Jayabageswori
51467027,Tolidewal
51467026,Sappata
51467022,Manakot
51467012,Gudukhati
51467019,Kolti
51467011,Gotree
51467009,Dahakot
51467008,Chhatara
51467007,Budhiganga
51467006,Bramhatola
51467003,Bai
51467017,Kailashmandau
51467002,Baddhu
51467001,Atichaur
51467004,Barhabise
51467005,Bichhaiyan
51467010,Dogadi
51467016,Jukot
51467013,Jagannath
51470015,Gadasera
51470028,Khatiwada
51470027,Kedarakhada
51470026,Kapalleki
51470025,Kanachaur
51470024,Kalikasthan
51470023,Kalena
51470022,Kadamadaun
51470021,Jijodamandau
51470020,Girichauka
51470019,Ghanteswor
51470018,Ganjari
51470017,Gaihragau
51470016,Gaguda
51470029,Khirsain
51470014,Durgamadau
51470013,Dipayal Silgadhi Municipality
51470012,Dhirkamandau
51470011,Dhanglagau
51470010,Daud
51470009,Daha Kalikasthan
51470008,Chhatiwan
51470007,Chhapali
51470030,Ladagada
51470031,Lamikhal
51470000,Khaptad National Park
51470032,Lanakedareswor
51470033,Latamandau
51470034,Laxminagar
51470006,Chawarachautara
51470035,Mahadevsthan
51470051,Warpata
51470036,Mannakapadi
51470050,Wagalek
51470049,Toleni
51470048,Tikhatar
51470047,Tijali
51470046,Simchaur
51470045,Satphari
51470044,Saraswotinagar
51470043,Sanagau
51470037,Mudabhara
51470042,Ranagau
51470005,Bhumirajmadau
51470004,Basudevi
51470041,Pokhari
51470002,Banlek
51470038,Mudhegau
51470040,Pachanali
51470001,Banjakakani
51470039,Nirauli
51470003,Barchhen
51471015,Godawari
51471022,Lalbojhi
51471024,Masuriya
51471026,Munuwa
51471027,Narayanpur
51471029,Pahalmanpur
51471030,Pandaun
51471044,Urma
51471031,Pathariya
51471032,Pawera
51471033,Phulwari
51471034,Pratapapur
51471021,Kotatulsipur
51471035,Ramsikharjhala
51471036,Ratanapur
51471037,Sadepani
51471023,Malakheti
51471001,Baliya
51471002,Basauti
51471003,Beladevipur
51471004,Bhajani
51471005,Boniya
51471006,Chauha
51471007,Chaumala
51471008,Dansinhapur
51471009,Darakh
51471010,Dhangadhi Municipality
51471011,Dododhara
51471012,Durgauli
51471039,Sreepur
51471013,Gadariya
51471014,Geta
51471016,Hasuliya
51471017,Janakinagar
51471040,Sugarkhal
51471020,Khairala
51471018,Joshipur
51471041,Thapapur
51471038,Sahajpur
51471028,Nigali
51471025,Mohanyal
51471042,Tikapur Municipality
51471043,Udasipur
51471019,Khailad
40257029,Matahiya
40257013,Gangapur
40257047,Udayapur
40257004,Basudevapur
40257007,Belbhar
40257008,Betahani
40257012,Ganapur
40257014,Hirminiya
40257019,Kamdi
40257020,Kanchanapur
40257022,Khajurakhurda
40257027,Mahadevpuri
40257033,Paraspur
40257038,Radhapur
40257040,Raniyapur
40257045,Titihiriya
40257026,Laxmanpur
40257025,Kohalpur
40257031,Naubasta
40257039,Rajhena
40257018,Kalaphanta
40257021,Kathkuiya
40257030,Narainapur
40257011,Chisapani
40257044,Sonapur
40257046,Udarapur
40257042,Samserganj
40257041,Saigaun
40257002,Banakatawa
40257003,Banakatti
40257005,Bejapur
40257006,Belahari
40257022,Khajurakhurda
40257009,Bhawaniyapur
40257010,Binauna
40257015,Holiya
40257037,Puraini
40257036,Puraina
40257035,Piparhawa
40257034,Phatepur
40257032,Nepalgunj Municipality
40257016,Indarpur
40257001,Bageswari
40257028,Manikapur
40257024,Khaskusma
40257023,Khaskarkado
40257043,Sitapur
40257017,Jaispur
40258019,Manpur Tapara
40258017,Manau
40258015,Magaragadi
40258014,Khairi Chandanpur
40258011,Gulariya Municipality
40258010,Gola
40258009,Dhodhari
40258008,Dhadhawar
40258007,Deudakala
40258006,Daulatpur
40258020,Motipur
40258005,Bhimapur
40258004,Belawa
40258004,Belawa
40258021,Nayagaun
40258003,Baniyabhar
40258002,Baganaha
40258032,Thakudwara
40258001,Badalpur
40258022,Neulapur
40258023,Padanaha
40258024,Pasupatinagar
40258031,Taratal
40258025,Patabhar
40258012,Jamuni
40258027,Sanashree
40258016,Mahamadpur
40258018,Manpur Mainapokhar
40258029,Sorhawa
40258026,Rajapur
40258030,Suryapatawa
40258000,Royal Bardiya National Park
40258028,Sivapur
40258013,Kalika
40260010,Bindhyabasini
40260024,Katti
40260025,Khadkawada
40260029,Lakuri
40260030,Lalikanda
40260032,Mairikalikathum
40260033,Malika
40260034,Moheltolee
40260037,Nepa
40260041,Pagnath
40260044,Pusakotchiudi
40260009,Bhawani
40260001,Awalparajul
40260008,Belpata
40260046,Raniban
40260011,Bisalla
40260023,Kasikandh
40260028,Lakandra
40260039,Odhari
40260056,Tolijaisi
40260043,Pipalkot
40260022,Kalika
40260003,Badakhola
40260002,Badabhairab
40260004,Badalamji
40260006,Bansi
40260017,Gauri
40260007,Baraha
40260013,Chauratha
40260014,Dadaparajul
40260015,Dullu
40260049,Salleri
40260048,Room
40260016,Gamaudi
40260019,Jaganath
40260055,Toli
40260020,Jambukandh
40260018,Goganpani
40260026,Kharigera
40260051,Seri
40260047,Rawatkot
40260042,Piladi
40260005,Baluwatar
40260012,Chamunda
40260027,Kusapani
40260045,Rakamkarnali
40260050,Santalla
40260052,Sigaudi
40260053,Sinhasain
40260054,Tilepata
40260040,Padukasthan
40260038,Nomule
40260036,Naulekatuwal
40260035,Narayan Municipality
40260031,Lyatibindraseni
40260021,Kalbhairab
40261019,Paink
40261007,Dhime
40261016,Lahai
40261005,Dandagaun
40261026,Salma
40261027,Sima
40261023,Ramidanda
40261021,Punama
40261004,Daha
40261008,Garkhakot
40261011,Jungathapachaur
40261006,Dasera
40261013,Khagenkot
40261020,Pajaru
40261028,Suwanauli
40261002,Bhagawatitol
40261018,Nayakwada
40261022,Ragda
40261024,Rokayagaun
40261025,Sakala
40261017,Majhakot
40261015,Kortrang
40261012,Karkigaun
40261010,Jhapra
40261009,Jagatipur
40261029,Talegaun
40261014,Khalanga
40261003,Bhoor
40261001,Archhani
40261030,Thalaraikar
40259039,Pamka
40259002,Awalching
40259008,Birendra Nagar Municipality
40259010,Chhinchu
40259012,Dandakhali
40259019,Ghumkhahare
40259020,Gumi
40259025,Kalyan
40259037,Mehelkuna
40259034,Maintada
40259028,Kunathari
40259026,Kaprichaur
40259024,Kafalkot
40259023,Jarbuta
40259021,Guthu
40259018,Ghoreta
40259017,Ghatgaun
40259016,Garpan
40259015,Gadibayalkada
40259013,Dasarathpur
40259011,Dahachaur
40259007,Bijaura
40259006,Bidyapur
40259027,Khanikholla
40259005,Betan
40259043,Ramghat
40259004,Bajedichaur
40259001,Agragaun
40259003,Babiyachaur
40259038,Neta
40259046,Sahare
40259030,Latikoili
40259051,Uttarganga
40259049,Taranga
40259048,Satakhani
40259047,Salkot
40259031,Lekhfarsa
40259045,Ratu
40259042,Rakam
40259040,Pokharikanda
40259035,Malarani
40259033,Lekhparajul
40259029,Lagaam
40259032,Lekhgaun
40259036,Matela
40259022,Hariharpur
40259014,Dharapani
40259050,Tatopani
40259009,Chapre
40259041,Rajena
40259044,Ranibas
40662002,Chharka
40662001,Bhijer
40662005,Jufal
40662011,Majhfal
40662023,Tripurakot
40662022,Tinje
40662019,Saldang
40662013,Narku
40662017,Rimi
40662018,Sahartara
40662016,Raha
40662003,Dho
40662020,Sarmi
40662021,Sunhoo
40662015,Phoksundo
40662014,Pahada
40662012,Mukot
40662008,Lawan
40662006,Kaigaun
40662004,Dunai
40662010,Likhu
40662007,Kalika
40662009,Lhna
40666003,Chhipra
40666009,Kalika
40666023,Shreenagar
40666026,Syada
40666024,Shreemastha
40666017,Mimi
40666013,Limi
40666008,Jair
40666006,Gothi
40666005,Darma
40666012,Lali
40666002,Bargaun
40666020,Rodikot
40666027,Thehe
40666025,Simikot
40666004,Dandafaya
40666022,Saya (Sama)
40666001,Baraigaun
40666021,Sarkeedeu
40666019,Raya
40666018,Muchu
40666016,Melchham
40666015,Maila
40666014,Madana
40666011,Kharpunath
40666010,Khagalgaun
40666007,Hepka
40663030,Tatopani
40663017,Labhra
40663029,Tamti
40663027,Sanigaun
40663026,Patmara
40663025,Patarasi
40663024,Pandawagufa
40663023,Narakot
40663022,Malikathota
40663021,Malikabota
40663028,Talium
40663020,Mahatgaun
40663019,Mahabepatthar Khola
40663018,Lihi (Rara)
40663016,Kudari
40663015,Kartikswami
40663014,Kanakasundari
40663013,Kalikakhetu
40663012,Haku
40663011,Guthichaur
40663010,Ghodemahadev
40663009,Garjyangkot
40663008,Dillichaur
40663007,Dhapa
40663006,Depalgaun
40663005,Chhumchaur
40663004,Chandannath
40663003,Buvramadichaur
40663002,Birat
40663001,Badki
40664014,Marta
40664030,Thirpu
40664029,Sukitaya
40664027,Sipkhana
40664026,Rupsa
40664023,Raku
40664025,Ranchuli
40664024,Ramanakot
40664028,Siuna
40664022,Phukot
40664021,Phoimahadev
40664020,Pakha
40664019,Odanku
40664018,Nanikot
40664013,Manma
40664016,Mugraha
40664012,Malkot
40664011,Lalutantikot
40664010,Kumalgaun
40664009,Kotbada
40664008,Kheen
40664007,Jubika
40664006,Gela
40664005,Dholagohe
40664004,Dahafatgaun
40664002,Chappre
40664001,Badalkot
40664003,Chilkhaya
40664013,Manma
40664015,Mehalmudi
40665005,Hyanglung
40665016,Rara (Gilas)
40665003,Dolphu
40665001,Bhiyee
40665004,Gumtha
40665006,Jima
40665007,Karkibada
40665017,Rarakalai
40665018,Rowa
40665019,Ruga
40665021,Seri
40665023,Shreenagar
40665022,Shreekot
40665000,Khaumale
40665008,Kimari
40665009,Kotdanda
40665015,Pulu
40665024,Sukhadhik
40665010,Mangri
40665011,Mugu
40665014,Pina
40665012,Natharpu
40665013,Photu
40665002,Dhainakot
41256040,Tulsipur Municipality
41256041,Urahari
41256018,Koilabas
41256014,Hansipur
41256011,Gobardiya
41256010,Gangapraspur
41256039,Tribhuwan Nagar Municipality
41256038,Tarigaun
41256009,Gadhawa
41256037,Syuja
41256004,Chaulahi
41256034,Shreegaun
41256033,Shantinagar
41256032,Saudiyar
41256031,Satbariya
41256002,Bela
41256030,Saidha
41256019,Lalmatiya
41256028,Rajpur
41256027,Purandhara
41256026,Phulbari
41256025,Pawannagar
41256024,Panchakule
41256023,Narayanpur
41256001,Baghmare
41256035,Sisahaniya
41256003,Bijauri
41256005,Dhanauri
41256006,Dharna
41256007,Dhikpur
41256008,Duruwa
41256012,Goltakuri
41256013,Halwar
41256015,Hapur
41256016,Hekuli
41256017,Kabhre
41256020,Laxmipur
41256029,Rampur
41256021,Loharpani
41256022,Manpur
41256036,Sonpur
41252049,Wangemarot
41252044,Swargadwari Khal
41252043,Sari
41252042,Ruspurkot
41252041,Ramdi
41252039,Pyuthan Khalanga
41252038,Puja
41252035,Okharkot
41252033,Narikot
41252001,Arkha
41252032,Markawang
41252031,Maranthana
41252030,Majhakot
41252029,Lung
41252026,Kochiwang
41252023,Khaira
41252014,Dangwang
41252003,Bangesal
41252020,Gothiwang
41252019,Dungegadi
41252017,Dhobaghat (Udayapurkot)
41252012,Dakhakwadi
41252009,Bijubar
41252008,Bijayanagar
41252007,Bhingri
41252027,Ligha
41252024,Khawang
41252040,Rajbara
41252005,Barjiwang
41252045,Syauliwang
41252002,Badikot
41252004,Baraula
41252006,Belwaspur
41252015,Dharampani
41252021,Hansapur
41252010,Bijuli
41252025,Khung
41252011,Chuja
41252013,Damri
41252034,Nayagaun
41252016,Dharmawati
41252018,Dhuwang
41252022,Jumrikanda
41252048,Tusara
41252047,Torwang
41252046,Tiram
41252037,Phopli
41252036,Pakala
41252028,Liwang
41253011,Gairigaun
41253050,Whama
41253049,Wadachaur
41253048,Uwa
41253045,Talawang
41253034,Nuwagaun
41253030,Kureli
41253028,Korchawang
41253026,Khumel
41253025,Kareti
41253016,Harjang
41253015,Gumchal
41253013,Ghartigaun
41253012,Gajul
41253003,Bhirul
41253005,Dhawang
41253004,Budagaun
41253008,Eriwang
41253006,Dubaring
41253014,Ghodagaun
41253027,Khungri
41253009,Fagaam
41253032,Masina
41253010,Gaam
41253002,Bhawang
41253017,Jailwang
41253018,Jaimakasala
41253019,Jankot
41253021,Jedwang
41253023,Jinawang
41253024,Jungar
41253029,Kotgaun
41253035,Pachhawang
41253046,Tewang
41253043,Sirpa
41253041,Sakhi
41253033,Mijhing
41253022,Jhenam
41253020,Jaulipokhari
41253007,Dubidanda
41253001,Aresh
41253037,Pang
41253038,Rangkot
41253040,Rank
41253039,Rangsi
41253042,Seram
41253044,Siuri
41253047,Thawang
41253031,Liwang
41253051,Wot
41253036,Pakhapani
41254032,Pwang
41254008,Chokhawang
41254007,Chhiwang
41254000,Bijayshwari
41254005,Bhalakacha
41254003,Arma
41254010,Duli
41254011,Garayala
41254013,Ghetma
41254014,Hukam
41254016,Jhula
41254029,Pipal
41254001,Aathbisdanda
41254025,Morawang
41254019,Khara
41254024,Mahat
41254020,Kholagaun
41254009,Chunwang
41254023,Magma
41254015,Jang
41254022,Kotjahari
41254026,Muru
41254030,Pokhara
41254034,Rangsi
41254031,Purtimkanda
41254035,Ranmamaikot
41254041,Syalagadi
41254012,Gautamkot
41254002,Aathbiskot
41254028,Nuwakot
41254018,Kankri
41254017,Kanda
41254027,Musikotkhalanga
41254043,Taksera
41254042,Syalapakha
41254040,Sobha
41254039,Sisne
41254038,Simli
41254037,Sankha
41254036,Rugha
41254033,Pyaugha
41254021,Kol
41254004,Baflikot
41255038,Rim
41255039,Saijuwal Takura
41255037,Pipalneta
41255041,Sibaratha
41255036,Phalawang
41255042,Siddheswar
41255043,Sinwang
41255003,Bajhkanda
41255044,Suikot
41255047,Tribeni
41255004,Bame
41255035,Nigalchula
30436062,Tanglichok
30436058,Taklung
30436026,Ghyachok
30436066,Uhya
30436028,Gumda
30436045,Namjung
30436041,Manakamana
30436027,Ghyalchok
30436034,Kerauja
30436025,Ghairung
30436035,Kharibot
30436022,Fujel
30436037,Laprak
30436020,Dhuwakot
30436039,Lho
30436018,Deurali
30436017,Darbhung
30436016,Chyngli
30436012,Bunkot
30436009,Bhumlichok
30436007,Bakrang
30436051,Prok
30436052,Samagaun
30436056,Sirdibas
30436067,Warpak
30436001,Aanppipal
30436002,Aaruarbang
30436003,Aaruchanuate
30436005,Asrang
30436006,Baguwa
30436008,Bhirkot
30436011,Borlang
30436014,Chhoprak
30436019,Dhawa
30436021,Finam
30436023,Gaikhur
30436024,Gakhu
30436029,Hanspur
30436040,Makaising
30436030,Harmhi
30436029,Jaubari
30436032,Kashigaun
30436033,Kerabari
30436036,Khoplang
30436038,Lapu
30436042,Manbu
30436043,Masel
30436044,Muchhok
30436046,Nareshwor
30436047,Palumtar
30436048,Panchkhuwa Deurali
30436049,Pandrung
30436050,Prithbinarayan Municipality
30436053,Saurpani
30436054,Shreenathkot
30436055,Simjung
30436057,Swara
30436059,Takukot
30436060,Takumajha Lakuribot
30436061,Tandrang
30436063,Taple
30436064,Thalajung
30436065,Thumi
30440028,Mijuredada
30440031,Parche
30440034,Puranchaur
30440035,Reevan
30440025,Machhapuchchhre
30440024,Lwangghale
30440007,Dangsing
30440023,Lumle
30440038,Salyan
30440041,Siddha
30440021,Lamachaur
30440020,Lahachok
30440045,Valam
30440012,Ghachok
30440011,Dhital
30440010,Dhikure Pokhari
30440009,Dhampus
30440002,Armala
30440044,Thumki
30440039,Sarangkot
30440033,Pumdibhumdi
30440030,Nirmal Pokhari
30440026,Majhthana
30440022,Lekhanath Municipality
30440019,Kritinachne Chaur
30440016,Kahun
30440005,Bharatpokhari
30440001,Arbavijaya
30440014,Hansapur
30440008,Deurali
30440006,Chapakot
30440017,Kalika
30440036,Rupakot
30440043,Thumakodada
30440042,Sildujure
30440040,Sardikhola
30440029,Namarjung
30440037,Saimarang
30440027,Mauja
30440003,Bhachok
30440004,Bhadauretamagi
30440032,Pokhara Sub Metropolitan City
30440018,Kaskikot
30440015,Hemaja
30440013,Ghandruk
30437060,Udipur
30437058,Tarku
30437057,Tandrang (Taksar)
30437055,Suryapal
30437045,Parewadada
30437039,Maling
30437037,Kolki
30437034,Jita
30437033,Isaneshwor
30437043,Neta
30437029,Ghermu
30437028,Ghanpokhara
30437021,Dhodeni
30437014,Bhulbhule
30437023,Dudhpokhari
30437052,Simpani
30437003,Bajhakhet
30437006,Bansar
30437010,Bhoje
30437059,Tarkughat
30437054,Sundar Bazar
30437053,Sindure
30437051,Shreebhanjyang
30437050,Samibhanjyang
30437061,Uttarkanya
30437036,Khudi
30437049,Ramgha
30437048,Pyarjung
30437056,Taghring
30437046,Pasagaun
30437030,Gilunng
30437047,Puranokot
30437022,Dhuseni
30437044,Pachok
30437001,Archalbot
30437007,Besishahar
30437002,Bahundanda
30437025,Faleni
30437020,Dhamilikuwa
30437018,Chandreshwor
30437016,Chakratirtha
30437015,Bichaur
30437012,Bhoteoodar
30437008,Bhalayakharka
30437005,Bangre
30437004,Balungpani
30437042,Nauthar
30437041,Nalma
30437040,Mohoriyakot
30437009,Bharte
30437011,Bhorletar
30437017,Chandisthan
30437019,Chiti
30437024,Duradanda
30437027,Gaunshahar
30437026,Gauda
30437038,Kunchha
30437035,Karapu
30437032,Ilampokhari
30437013,Bhujung
30437031,Hiletaksar
30441004,Fu
30441003,Dharapani
30441001,Bhraka
30441005,Ghyaru
30441006,Khangsar
30441013,Thoche
30441007,Manang
30441008,Nar
30441002,Chame
30441009,Nyawal
30441012,Tankimanang
30441010,Pisang
30441011,Tachibagarchhap
30439038,Pakwadi
30439046,Rapakot
30439004,Arukharka
30439005,Bagefatake
30439006,Bahakot
30439041,Pelakot
30439050,Sekham
30439044,Putalibazar Municipality
30439047,Ratnapur
30439058,Tindobate
30439043,Pidikhola
30439040,Pauwegaude
30439032,Majhakot Sivalaya
30439012,Chandi Bhanjyang
30439029,Kichnas
30439028,Khilung Deurali
30439026,Kaulma Barahachaur
30439013,Chapakot
30439025,Kalikakot
30439021,Faparthum
30439020,Dhapuk Simal Bhanjyang
30439019,Darsing Dahathum
30439015,Chilaunebas
30439010,Birgha Archale
30439008,Bhatkhola
30439062,Yaladi
30439059,Tulsi Bhanjyang
30439061,Wangsing Deurali
30439056,Thuladihi
30439054,Sworek
30439045,Rangvang
30439039,Panchamul
30439037,Oraste
30439022,Fedikhola
30439018,Chitre Bhanjyang
30439017,Chisapani (Magyam)
30439014,Chhangchhangdi
30439009,Bichari Chautara
30439007,Benethokdeurali
30439003,Aruchaur
30439001,Alamadevi
30439035,Manakamana
30439002,Arjunchaupari
30439049,Sataudarau
30439051,Setidobhan
30439053,Sirsekot
30439057,Thumpokhara
30439060,Waling Municipality
30439048,Sakhar
30439036,Nibuwa Kharka
30439034,Malyangkot
30439033,Malunga
30439031,Kyakmi
30439027,Keware Bhanjyang
30439024,Jagatradevi
30439023,Jagat Bhanjyang
30439016,Chinnebas
30439011,Biruwa Archale
30439030,Kuwakot
30439055,Taksar
30439042,Pelkachaur
30439052,Shreekrishnagandaki
30438006,Basantapur
30438040,Rupakot
30438046,Thaprek
30438010,Bhirkot
30438045,Tanahunsur
30438016,Deurali
30438043,Shymgha
30438041,Satiswara
30438027,Khairenitar
30438024,Jamune Bhanjyang
30438029,Kota
30438021,Firfire
30438032,Majhakot
30438015,Chokchisapani
30438012,Chhang
30438011,Byas Municipality
30438002,Arunodaya
30438042,Shambu Bhagawatipur
30438009,Bhimad
30438037,Ramjakot
30438034,Pokhari Bhanjyang
30438030,Kotdarbar
30438028,Kihun
30438025,Kahushivapur
30438022,Gajarkot
30438017,Devghat
30438014,Chhipchhipe
30438003,Baidi
30438001,Anbukhaireni
30438007,Bhanu
30438005,Barbhanjyang
30438008,Bhanumati
30438019,Dhorfirdi
30438020,Dulegaunda
30438023,Ghansikuwa
30438031,Kyamin
30438033,Manpang
30438035,Purkot
30438036,Raipur
30438039,Risti
30438004,Bandipur
30438013,Chhimkeshwori
30438026,Keshavtar
30438038,Ranipokhari (Resing)
30438044,Sundhara (Ghiring)
30438047,Virlung
30438018,Dharampani
30850021,Dharmpaniya
30850013,Bhalubari
30850005,Baluhawa
30850004,Balaramwapur
30850017,Bithuwa
30850019,Chanai
30850020,Dhankauli
30850024,Dumara
30850025,Fulika
30850007,Baraipur
30850032,Harduona
30850035,Hathihawa
30850040,Kapilbastu Municipality
30850042,Kopawa
30850043,Krishnanagar
30850044,Kushhawa
30850026,Gajehada
30850047,Maharajganj
30850049,Mahuwa
30850048,Mahendrakot
30850054,Nandanagar
30850056,Pakadi
30850059,Patna
30850060,Patthardaihiya
30850051,Manpur
30850062,Purusottampur
30850067,Shipanagar
30850074,Thunhiya
30850069,Shivapur
30850023,Dubiya
30850030,Gugauli
30850050,Malwar
30850068,Shivagadhi
30850027,Ganeshpur
30850041,Khurhuriya
30850011,Bedauli
30850010,Baskhaur
30850077,Udayapur
30850061,Pipara
30850078,Vidhyanagar
30850076,Titirkhi
30850008,Barakulpur
30850075,Tilaurakot
30850006,Banganga
30850073,Somdiha
30850072,Sisawa
30850014,Bijuwa
30850070,Singhkhor
30850065,Rangapur
30850066,Sauraha
30850058,Patariya
30850057,Parsohiya
30850055,Nigalihawa
30850001,Abhirawa
30850002,Ajigara
30850003,Bahadurganj
30850053,Motipur
30850063,Rajpur
30850052,Milmi
30850033,Hariharpur
30850016,Bishunpur
30850046,Lalpur
30850018,Budhi
30850012,Bhagwanpur
30850071,Sirsihawa
30850064,Ramnagar
30850045,Labani
30850039,Kajarhawa
30850037,Jawabhari
30850028,Gauri
30850036,Jahadi
30850034,Hathausa
30850031,Haranampur
30850029,Gotihawa
30850009,Basantapur
30850022,Dohani
30850015,Birpur
30850038,Jayanagar
30851021,Keemadada
30851027,Khilji
30851035,Pokharathok
30851041,Thada
30851025,Khandaha
30851040,Subarnakhal
30851020,Juluke
30851039,Sitapur
30851038,Simalapani
30851023,Khan
30851036,Sandhikharka
30851034,Pathona
30851042,Thulapokhara
30851033,Pathauti
30851001,Adguri
30851032,Pali
30851029,Mareng
30851017,Gorkhunga
30851031,Nuwakot
30851009,Chhatraganj
30851016,Dibharna
30851008,Bhagawati
30851013,Dharapani
30851011,Dhakawang
30851006,Bangi
30851004,Asurkot
30851003,Arghatos
30851030,Narapani
30851028,Maidan
30851026,Khidim
30851024,Khanchikot
30851022,Kerunga
30851037,Siddhara
30851002,Argha
30851019,Jukena
30851015,Dhikura
30851014,Dhatiwang
30851012,Dhanchaur
30851010,Chidika
30851007,Bangla
30851018,Hansapur
30851005,Balkot
30846068,Reemuwa
30846003,Amarpur
30846010,Aslewa
30846002,Amararbathok
30846015,Bamgha
30846017,Bhurtung
30846018,Birbas
30846019,Bisukharka
30846014,Balithum
30846020,Chhapahile
30846021,Dalamchaur
30846022,Darbar Devisthan
30846024,Daungha
30846023,Darling
30846025,Dhamir
30846001,Aaglung
30846061,Neta
30846026,Dhurkot Bastu
30846047,Ismarajasthal
30846027,Dhurkot Bhanbhane
30846028,Dhurkot Nayagaun
30846029,Dhurkot Rajasthal
30846030,Digam
30846048,Jaisithok
30846072,Simichaur
30846073,Sirseni
30846013,Baletaksar
30846005,Arbani
30846074,Tamghas
30846069,Rupakot
30846049,Jayakhani
30846077,Turang
30846078,Wagla
30846055,Kurgha
30846058,Marbhung
30846071,Shantipur
30846012,Bajhketeria
30846011,Badagaun
30846006,Arje
30846054,Kharjyang
30846056,Limgha
30846007,Arkhale
30846033,Dubichaur
30846034,Foksing
30846039,Hansara
30846046,Hunga
30846050,Johang
30846051,Juniya
30846052,Juvung
30846053,Khadgakot
30846057,Malagiri
30846060,Myalpokhari
30846062,Pallikot
30846063,Paralmi
30846064,Pauchhiamarayee
30846065,Pipaldhara
30846066,Purkotdaha
30846067,Purtighat
30846004,Apchaur
30846009,Arlangkot
30846076,Thulolumpek
30846079,Wamitaksar
30846035,Gaidakot
30846045,Hawangdi
30846044,Hastichaur
30846043,Harrachaur
30846042,Harmichaur
30846041,Harewa
30846040,Hardineta
30846038,Hadahade
30846036,Gwadha
30846032,Dohali
30846031,Dirbung
30846075,Thanpati
30846070,Ruru
30846037,Gwadi
30846059,Musikot
30846008,Arkhawang
30846016,Bharse
30848073,Tribenisusta
30848009,Bhujhawa
30848071,Thulo Khairatawa
30848064,Sarawal
30848063,Sanai
30848062,Rupauliya
30848056,Ramgram Municipality
30848050,Pithauli
30848047,Palhi
30848043,Narayani
30848035,Kumarwarti
30848034,Kudiya
30848066,Somani
30848028,Jahada
30848025,Hakui
30848024,Guthi Suryapura
30848022,Gairami
30848012,Dawannedevi
30848004,Badaharadubauliya
30848003,Amraut
30848049,Parsauni
30848052,Pratappur
30848006,Banjariya
30848017,Dhaubadi
30848057,Ramnagar
30848029,Jamuniya
30848026,Harpur
30848021,Gaidakot
30848073,Tribenisusta
30848074,Upalloarkhale
30848068,Sunwal
30848065,Shivmandir
30848054,Rakachuli
30848053,Rajahar
30848023,Guthi Parsauni
30848046,Pakalihawa
30848002,Amarapuri
30848008,Bharatipur
30848011,Dadajheritadi
30848072,Tilakpur
30848070,Tamasariya
30848069,Swathi
30848067,Sukrauli
30848066,Somani
30848058,Rampur Khadauna
30848059,Rampurkha
30848048,Panchanagar
30848045,Nayabelhani
30848044,Narsahi
30848039,Manari
30848038,Makar
30848036,Kusma
30848032,Kolhuwa
30848031,Kawaswoti
30848014,Deurali
30848013,Dedgaun
30848015,Devachuli
30848030,Jaubari
30848018,Dhurkot
30848033,Kotathar
30848007,Benimanipur
30848000,Royal Chitawan National Park
30848010,Bulingtar
30848019,Dibyapuri
30848027,Hupsekot
30848040,Mithukaram
30848037,Mainaghat
30848041,Mukundapur
30848042,Naram
30848051,Pragatinagar
30848055,Rakuwa
30848060,Ratanapur
30848061,Ruchang
30848001,Agryouli
30848016,Devagawa
30848020,Dumkibas
30848005,Baidauli
30847030,Jalpa
30847046,Mityal
30847047,Mujhung
30847048,Nayarnamtales
30847049,Palungmainadi
30847050,Pipaldada
30847051,Pokharathok
30847052,Rahabas
30847053,Rampur
30847054,Ringneraha
30847055,Rupse
30847056,Sahalkot
30847057,Satyawati
30847058,Siddheshwor
30847059,Siluwa
30847060,Somadi
30847044,Madanpokhara
30847043,Kusumkhola
30847042,Koldada
30847041,Khyaha
30847040,Khasyoli
30847061,Tahu
30847039,Khanigau
30847062,Tansen Municipality
30847063,Telgha
30847064,Timure
30847038,Khanichhap
30847024,Galdha
30847065,Wakamalang
30847036,Kaseni
30847035,Kachal
30847034,Jyamire
30847033,Juthapauwa
30847032,Jhirubas
30847031,Jhadewa
30847045,Masyam
30847029,Hungi
30847028,Humin
30847027,Haklang
30847026,Gothadi
30847025,Gejha
30847009,Birkot
30847001,Archale
30847066,Yamgha
30847002,Argali
30847003,Bahadurpur
30847004,Baldengadhi
30847005,Bandipokhara
30847006,Barangdi
30847007,Bhairabsthan
30847008,Bhuwan Pokhari
30847010,Bodha Pokharathok
30847011,Boudhagumba
30847012,Chappani
30847013,Chhahara
30847014,Chidipani
30847015,Chirtung Dhara
30847016,Darchha
30847017,Darlamdanda
30847018,Deurali
30847019,Devinagar
30847020,Dobhan
30847021,Fek
30847022,Foksingkot
30847023,Gadakot
30847037,Khaliban
30849044,Manmateriya
30849024,Farena
30849006,Bagauli
30849041,Mainahiya
30849060,Sameramarchwar
30849065,Silautiya
30849049,Padsari
30849022,Dudharakchhe
30849059,Saljhundi
30849051,Pakadisakron
30849053,Patekhouli
30849039,Madhbaliya
30849054,Pokharvindi
30849035,Kerbani
30849033,Karahiya
30849032,Kamahariya
30849052,Parroha
30849031,Jogada
30849058,Sadi
30849062,Shankarnagar
30849063,Siddharth Nagar Municipality
30849064,Sikatahan
30849066,Sipawa
30849071,Tikuligadh
30849067,Sourahapharsatikar
30849068,Suryapura
30849069,Tenuhawa
30849061,Semalar
30849016,Chhotaki Ramnagar
30849050,Pajarkatti
30849045,Manpakadi
30849043,Makrahar
30849042,Majhagawa
30849040,Madhuwani
30849038,Lumbini
30849069,Tenuhawa
30849038,Lumbini
30849037,Khudabagar
30849036,Khadawabangai
30849030,Hatipharsatikar
30849029,Hatibangai
30849028,Harnaiya
30849027,Gonaha
30849015,Chhipagada
30849013,Bogadi
30849012,Bodabar
30849025,Gajedi
30849038,Lumbini
30849023,Ekala
30849046,Maryadpur
30849021,Dhamauli
30849020,Dhakadhai
30849018,Dayanagar
30849017,Chilhiya
30849007,Bairghat
30849003,Amuwa
30849001,Aama
30849011,Bisunpura
30849009,Betakuiya
30849005,Bagaha
30849002,Aanandaban
30849019,Devadaha
30849047,Masina
30849008,Basantapur
30849057,Rudrapur
30849010,Bhagwanpur
30849004,Asurena
30849055,Rayapur
30849034,Karauta
30849056,Roinihawa
30849070,Thumhawa Piprahawa
30849048,Motipur
30849026,Gangoliya
30849014,Butawal Municipality